,tf,fid,nu0,nu1,nu2,nu3,nu4,nu5,nu6,nu7,nu8,nu9,A0,A1,A2,A3,A4,A5,A6,A7,A8,A9,B0,B1,B2,B3,B4,B5,B6,B7,B8,B9
0,0.1,0.762724520550205,0.00028377250197789583,-0.0033580919828668614,-0.003513478410057413,0.0016920324610831994,-0.003114876951750597,0.00376861216804271,0.004361836416506352,0.004490755392417773,0.001970204053473308,-0.0004894364106953087,-0.911864114113224,1.026526425161783,1.3023732720759953,-0.7554096977327761,-0.8507873291962769,-0.35869609094065985,-0.8191584514287944,6.0652490622381645,-0.9069731635525645,-0.862283887095121,-7.231098788940981,-0.8761181615952947,-1.6413167887236624,-2.368013368686852,-15.714859501200916,-0.025043476314905673,0.6094469153386807,0.7196439729211686,-0.15267441757296946,0.008820321164792082
1,0.1393939393939394,0.7629270904024593,-0.0039297010961507175,0.0020961153040156546,-0.0009026844386905142,0.002007863871732913,-0.0035649240790740474,0.00067158718547079,-0.0049216087567837226,-0.006597093510070058,-0.005469727541266436,0.006621237739713815,0.06175462177216938,2.418800118673812,0.8564175086426691,-0.5949881471061886,0.7664955045503323,0.8778072935329272,1.6761668023020515,0.20522505658603515,-0.8497062833688891,-0.008677165262956709,0.014571268252442047,0.6248049121664855,-4.848781871708066,0.2810945000580086,-0.6948476139156594,-2.553515090294991,-0.88098052362766,-0.05905654153278602,-0.5004405178839364,-0.3753164417744289
2,0.17878787878787877,0.7639745550299848,-0.008378905291268696,0.0059946836916552875,0.0039538041621390106,0.0040261782840881385,-0.008074586132615105,0.003334829858135841,0.0012198068703305595,0.00753172457288976,-0.008402581322028738,0.008534946832093642,-57.40828576872361,-2575.4051828604597,478.2255823082982,13619.154658004332,-1731.7435959678892,5096.6502500049355,1944.9519284647502,2438.2277867883877,-8874.098957161046,131.20863177578366,70.43352955450933,-464.95721340522215,-757.4251501810587,-789.0077777490834,48.76360243192086,-832.633979466026,-274.7181525384374,-4732.845477521258,2161.225982655896,503.71532917545096
3,0.21818181818181817,0.7647472171124139,0.00604624603064326,-0.006475012337246712,-0.0003635105351386296,0.006248695947239497,0.0027954379726808478,0.00015555171925198184,-0.010177221551896166,0.00040422721296043813,0.00751049168391447,-0.0031005064815030478,-16052.023430109793,839.156350853968,-15251.867754994444,10138.777995925491,10624.583600067524,76.75935870530867,-7847.655768117476,5675.466094700614,162.40732210471086,-2721.6737351245574,12812.366489722353,-2489.2318903341,-2713.941324827224,27422.42657174445,-5588.75593125993,-8433.684558544956,-773.5287186285889,-11389.020516278808,2245.010847455673,-15030.750060799202
4,0.25757575757575757,0.7671836981553323,0.01282028865616373,0.011319454350878663,-0.0015180396229078227,0.011596451750928126,-0.004354978692010162,0.009780489017930022,0.012256692973386957,-0.003218023774905964,-0.008412783676764391,0.0011918245205920293,-137.08079717706022,-602.0484344979116,-126.26092113702327,354.5530770556709,37.71365366562492,2574.989184707266,10064.38276891191,-482.2708595053019,-549.6004672119448,179.72075325330394,1.787284232269399,108.7920793566925,-2008.2752655977665,-1215.1298078033058,-4291.506203341048,-75.43834968877333,-87.45883670312348,-300.19145685810525,5318.438925783495,-1377.4826689271408
5,0.296969696969697,0.7688722374798015,-0.013209441469282827,0.0060904403557837375,0.0015791662253066315,-0.009864131321498402,0.007055398547017537,0.010240856997616886,0.004129332313694006,0.007245716553781967,-0.01379952180729801,-0.0054779894128683245,-152.69414585942496,-669.3560180386764,384.9060988192455,-15.401389784906925,763.2708730141082,420.8936283984459,-267.5093792754369,2038.9318016086422,-4869.882961916712,-314.67527762177576,-378.916709996751,-408.35248986906095,-315.4241321803356,67.04591429130348,-546.2726512128556,6.784657969918139,-440.4877135179413,-895.6162762503507,115.22584242665735,-163.73060155868043
6,0.3363636363636363,0.770833900630842,0.016725087594256498,0.012750297611223418,-0.01680542412577095,0.01356773364192682,-0.011383602899290145,0.014176746624091869,-0.015298668899987086,0.011317121096744324,0.013598084039950015,-0.008125323500892352,-243.06618654343805,-400.5115268046337,-785.6961122253441,59.55021380513761,-3164.4441952578427,753.8253889214295,540.4432779719648,1089.869583535386,-770.809297703014,-3968.8385693387945,-310.1206684404716,-482.5587145956721,-3.211272438349236,803.6818222846462,0.2016943584722274,-848.8174775598693,-13.2019197357758,409.2900366714797,-200.48371224478223,-1553.2916681808897
7,0.37575757575757573,0.7735039479147929,0.00891798902927444,-0.006075783765788315,0.01289516056460673,-0.008912397958689408,-0.012893420537935246,0.017062398818023936,-0.008723985996775766,0.015715298825280367,-0.00819499218168602,0.0074426564675677594,-49.12935501668309,582.3411266924256,-755.6647981742888,-200.01611384379729,-566.0191434941228,975.5194408023406,-4550.024986624187,129.6073643407959,-229.59290099358793,87.83543809449287,250.53634003533858,-382.0876184967781,-62.22059431680405,80.94295222330487,-23.631638255544342,-22.941049595114194,-221.48268971442985,-1178.9046728142152,-212.78174525084256,-3.570285578806051
8,0.41515151515151516,0.7767158588219144,0.009013425989255936,-0.018548258649495702,-0.004806024660773268,0.01239196785178763,0.00446963057853653,-0.007905635699421244,0.016096696337857132,0.0027116543344904856,0.00541231318512044,0.004507021193959665,917.3830105674131,982.9751694954733,-60.02594563802856,6353.314518164356,1322.2265938058974,-118.26732836657172,1154.0674620440896,2965.9309999112484,171.00001509905024,93.7543408408549,-520.954280115607,1798.1276747641407,-355.64670329997034,-86.55146442059855,-908.2494979872029,-561.3392275556586,2418.952828560554,-2377.194487016368,-582.0638415412848,-620.9339760670082
9,0.4545454545454545,0.7794625319167192,-0.018423105377625357,-0.0014821071225724824,0.018544251227649404,0.020327654995558175,0.00801735478973756,-0.011414069932291411,-0.014293097255109808,-0.016367328031599064,0.0018461495365626767,-0.002762829941589525,-94.71060037169086,-53.04192742463201,-5.7576884278982465,114.57681428684543,266.1815503842503,350.78888504494614,-2633.142134357967,-778.7246314199668,30.7660980091619,81.92235893576415,-1126.8885476641544,85.20245375838242,-124.5522039751365,-168.29247449637433,-43.7355015783119,306.3657971847741,-314.4242075205903,-30.46671397555325,41.689160299884165,3.249020182555035
10,0.4939393939393939,0.7826603176560307,0.014562442893994085,0.014309202007637425,-0.007123983483578835,-0.008630225032804419,0.007146351226875236,0.012780578959170962,-0.0062129816963914985,0.02065934030909884,-0.013619326020714969,0.011254958104452768,740.1749710064689,-182.91682510989943,-6.216342001766061,-344.5247946078214,-92.89336598656722,287.6390414471138,0.5006032814003254,200.7228146025344,-1540.9760565534532,262.6975783228822,-119.38169331206414,144.44574190208075,129.96984759176684,-420.0835939312877,-137.8881895006486,20.367706840136325,-88.62163478485924,-76.95593740609337,-47.8366468484768,-541.2850159542743
11,0.5333333333333333,0.7853328681674483,0.012200243228369139,-0.00036662360982071243,-0.014644888397281359,0.00041615439676042124,0.01335488522543642,0.015343193949156647,-0.0049413701794021195,-0.021581118176229683,0.007338703055164639,-0.02245011764919684,-556.3636991991195,-51.16020542605966,-1016.1461958704419,958.1333759634116,283.3925863811679,161.4672330977949,-836.988480277812,-518.6300802389546,75.25701345427939,80.25586236152915,265.43548223772586,144.12589855637844,-103.16164751300522,357.5814208604402,-114.60477535809132,-749.1059248619648,-19.190491025818446,-72.1720110036253,-272.69137089727457,-290.01822479824284
12,0.5727272727272726,0.7943369760085534,-0.024101510158161733,0.004102534239257753,0.02553697024763657,-0.012931385275100645,0.01614566458827056,0.011526952248491564,0.023875086145847425,-0.023882594803337702,-0.0007695593533286207,-0.007753057238218311,2599.30755280876,5850.986568462312,1363.4762090691133,-693.1407455961178,-44.70063509307309,433.28522053051165,3593.7862624343657,-100.31605452275775,331.82991019559233,492.760544571527,-2970.5673682336337,-1705.340967991745,-914.6494379232146,-4632.234089802043,-164.64680811768403,100.02337461221279,-1026.5599236349917,3013.8542247610185,-1658.4283890671336,8215.576013042126
13,0.6121212121212121,0.7937780622082121,0.023570606173000122,-0.0037030976493590433,-0.017825261750321165,-0.010579917273896827,-0.016613127698559296,-0.011676337300207668,-0.020967942336425384,0.020664919727083474,-0.024595771456941067,-0.01308850922957669,45.20267157130665,-351.414122289871,25.318103728363923,-39.117653634570885,88.22959352133475,21.819691718250485,1.6474549481593064,-85.02629087684687,-773.7928857424118,-22.796559537298997,112.26150964465128,67.8130506004604,82.23529317928839,154.91095281251773,-24.49757025394031,-104.79815582370293,-509.1688163862251,-221.6034608918104,-178.02761592369566,-93.81575539543135
14,0.6515151515151515,0.8041472608779244,-0.005762022338705976,-0.014750338061996802,-0.002853061154992824,-0.0319929442978588,-0.0014696519755077336,0.028800084004561806,0.020712912824952398,-0.0142428730192904,-0.0024291561747317924,-0.018873207349438502,625.5832072649023,-2535.7706435991477,-772.2897623067611,-3291.4558811282122,-333.3692981291606,206.29697024028485,108.01411909079852,-292.4312277450316,-1769.4436244801554,-11.90582335392359,15.11207842918178,-2256.8069265652257,-886.835100215198,-231.30896657988364,-1575.3626401950617,3729.389210069489,223.19328878770108,-379.58030071073415,-306.2872477790164,241.44386764374144
15,0.6909090909090908,0.8029853982408445,-0.010044742224666578,-0.02388643500644986,0.029973310210041647,0.02922864699337835,0.012749523091268556,0.006147904544148259,0.0019104410681110976,0.019840149821423327,0.002046186025221766,0.010994100273857102,-15.811756689062921,-46.51586194657707,-25.041844072098176,73.24377787761979,-2.605889156041079,130.4580486784689,-155.01087526200965,420.44203640329454,-6.501388808486007,753.1397560161548,57.014185551609074,-75.90937866829412,110.73078228887861,-95.21801298844497,-221.21192810730554,-284.30451791637125,-77.40829827797191,-86.2757291945887,50.72718403464029,6.0529208049754
16,0.7303030303030302,0.8142747989724187,0.0238577560368941,0.021061303387883725,-0.009577870430953327,-0.008017299464283225,-0.023928022114029307,-0.027584710944334196,-0.03455078915319114,-0.0001783992815635052,0.024963285065295535,0.03470224975295321,5.377585939951933,774.5990180481119,-354.6803156679746,27.827892298556826,123.04657282434835,-184.19527176971854,-458.1189857976101,110.5116236097642,532.7165251438635,373.40291811596165,-53.64628757487624,-1441.696540294748,15.926699326255221,-221.55973385257815,-368.6051248102145,917.0137533401962,1217.778468795887,243.5073790468033,-1579.3298343633473,211.00365589634777
17,0.7696969696969697,0.8204114047650078,0.03503769931555382,-0.030849158873110065,0.014625308833946199,0.030563045722009,0.01572381960209846,-0.00999167416540757,0.0010406979859054258,0.030431836249215926,0.025599410167477975,-0.02503819326690489,-21.738104636423543,-711.7873569845831,627.7652050135653,169.23389347344423,26.999330839121836,-405.9367167737045,21.058073030759772,758.9749700918247,-393.94552586062383,-818.4379281962714,-41.19421738268131,-265.1716898232291,-296.2268012748842,-206.77787804584597,88.16016852204123,-961.1810380352248,-148.00711794970826,-160.4293999639192,-889.313079196131,1878.8911764323364
18,0.809090909090909,0.8158476792853575,-0.02274306556322084,0.0015514133511711455,-0.0017117259452185964,0.0071058295816737475,-0.017950717778457064,0.016719184134008018,0.024621757960323197,-0.00017735881852387533,0.014348616988863907,0.012476930536580751,-155.44841455609654,84.87791198013004,64.2905105024362,438.4009704068425,-48.870096267205966,200.8415322872325,110.61647024406858,-144.94717205701704,105.33531560559263,26.47940088784629,-144.5727436145425,26.03668760523081,793.0694932289878,-61.56986097596017,-429.96704165779647,173.75426494843762,-34.54630188685675,-161.1802524253914,-536.4811217307652,0.012828921016743287
19,0.8484848484848484,0.8395507013865557,0.029238267724310464,0.011874187938946092,-0.028695525978743724,0.02950674762483635,0.010535184010515074,0.01991346786053202,0.01461715671798956,-0.013127537385513926,0.03316258628695133,0.006064031350735663,926.0382401068726,799.4611468828139,-863.37680116396,2421.381315826498,785.2691023144293,1739.4933991817024,-1104.6094026647038,-199.67842950736792,240.906465370197,-108.91097709573538,1655.9025216742393,636.2583304186851,-8276.46963262422,-308.01742175132597,474.204776816352,836.1941767664015,1473.839624173912,-934.0611982994287,2288.04579805726,967.2927520212411
20,0.8878787878787878,0.8418661057660366,-0.03876977981776839,-0.01780172810506416,-0.02729958877394682,-0.027599615989566034,-0.01665065798700511,0.009972075603777662,-0.0296239300783215,0.009960761772000396,0.02343957319900526,-0.03783926667231622,-452.90612444512385,301.8209176853352,-1262.8419446718872,-23.997156494932614,-27.797728197487203,8.888472309149552,-282.09129196903154,-34.9899629349483,876.7238535067661,-123.09192523111125,242.24896287961974,-395.5565723555851,-334.81372627396826,-172.58474929570414,-786.7546553590216,-908.0045434190903,16.876611455052185,453.76548423855024,639.2233767946836,370.3727663595076
21,0.9272727272727271,0.8456866845700759,-0.037796873476480516,-0.0070307651683007245,-0.014642845145072473,-0.03482659133499456,-0.027922424883594844,-0.04123659156497633,0.04437933447758749,0.032547935004994644,-0.0005943404087916456,0.0365156538942203,-68.36447835716055,570.2009419194991,-222.27731731861178,17.151269701632785,-34.8426836372648,-348.4050687285451,-89.85060323285427,257.2430559700997,-44.79935543021632,337.5317380810331,191.08981604419978,-84.42293283803838,-303.3659070445852,-550.2761134229818,-369.013514759552,342.7291028085863,-70.54445360556991,-59.06229558506844,89.05901373782262,146.95617027023226
22,0.9666666666666666,0.8533925720748576,0.04126425408018755,-0.004437346480872221,0.04121958361301109,0.006959942573086944,0.036522859602671084,-0.03472511012512165,-0.01528695069994441,0.005188480560169293,0.015991763576645734,0.007570522703320813,-292.5330891120765,422.53707289164527,84.81296182410168,186.22530626289944,-17.78429944231511,-340.66178079738825,192.64041574193703,686.2353067545823,723.5000697944415,1283.2134272172566,-999.44490506465,-908.5343461934136,418.12947338864944,-97.80287747792681,65.54471829559805,598.8247090049475,207.98161741222762,43.8065851250265,699.2602155000787,-675.6857454144566
23,1.006060606060606,0.8604543524372248,0.0442962952367925,-0.009949526306269416,0.03454948029199663,-0.028530969781141613,0.0031008435085482077,-0.03906531589765477,-0.0349810435522985,-0.020487123326372335,-0.012080442910764889,-0.04843352508523569,3.982768499231704,1001.8238275475442,-309.0095814468996,-44.49796539889327,83.95125391672846,89.79302956008135,-59.69197663805957,-9.065166917786925,21.856676432527994,-400.0586415631331,-354.0432763410845,989.4194150069695,-42.275832015647765,-264.9510870329101,-461.265081285295,141.5748885343229,-1053.0212728526562,1.9716356321804105,531.4304335320819,2.498199330104146
24,1.0454545454545454,0.9084315910643834,0.0026426221367658285,-0.007748853278742177,0.026496144872060902,0.046160286558604595,0.047440659600656424,0.028919653230511416,-0.04933547811450799,0.001513859215619673,0.0454805348003436,0.006931890337252338,-87.64125689921056,-1916.2139941904707,131.3097696951414,-39.80615568684145,-174.83538777240838,-400.68471699711415,-979.1480569074057,2005.8427184695322,1485.4239013354427,543.0273199393284,-565.9886067714513,9177.394678893505,189.6897745646699,-10772.913626163405,-446.0506804390286,-125.29745768139998,189.8993078423108,-2626.066395669415,3509.4153095635497,-3.2345488675404104
25,1.0848484848484847,0.9210078363028404,0.049613865950670466,0.02454397415706421,-0.03495583266594482,-0.014656467816192597,0.017678682293128693,-0.03259883164445219,0.014374320037971436,-0.002589421380946769,-0.048207971273943384,-0.036658666787895915,-1815.2311019802096,-11777.066260569927,-5275.437243171682,-636.3399352164772,6401.183288777582,-122.21916515628654,1684.5519008315712,-2632.9716079512127,-94.4042856415598,-846.539824860355,17698.180984623228,-233.2446366684586,-535.8396725059368,518.7396747448464,-11211.675653398686,-2068.979410428953,180.10374745904323,-8750.506399043667,2252.8951631247996,595.1542695006756
26,1.1242424242424243,0.8782897528020983,-0.007052953618189459,-0.020833086195818792,-0.028080245627106554,0.02275587366986741,-0.02573992118731889,-0.0002475544493675528,0.020252276892758304,0.03597814417469894,0.04655605695571007,-0.0527021913454813,217.37752875405872,353.04282939304983,130.35033404562597,-193.40235562440984,-28.134754029943913,-159.38550548190614,486.216167546989,-77.67670360489066,213.27612050867282,-14.945720432106562,-18.352984416919817,-254.06963800342777,-10.764121956963985,-10.639909929323515,441.4562938612096,-259.73085512306517,-50.238483468429365,-41.814741955811854,-190.84682694986498,24.816314651548876
27,1.1636363636363636,0.9434530418411659,0.02022880445030686,-0.021900617346284266,0.01656286419778877,-0.015518872229684396,0.011468696021949127,0.03338819980991774,-0.02331664465650431,-0.011086573308351031,-0.0047216990117719595,-0.04887487885737463,-2280.483934204232,155.38166277684792,-1519.8250107997542,240.92460942183243,-1009.6609401683024,2976.6368640209457,-3670.6812910936965,1425.6053231196352,-5222.666602616905,-21.202080619016247,424.6613047242257,-289.50284115423005,517.8452205932526,198.37963305375638,-1240.4027821217585,46.8906938509727,176.22257813716791,1885.3524436379662,-4934.721221774163,1719.99899546175
28,1.2030303030303031,0.8969400508776747,-0.0009475788130204694,0.05965255485850418,-0.023032107909877406,-0.024600003150891482,0.027192217534376627,-0.005406186300820521,-0.018323081594852984,0.049137660669044216,0.00040226412176771353,0.038889911449381684,-29.671228929418774,11.323912537337268,-75.5529312095963,-199.7631206069193,7.886530929431292,116.23019501638382,242.88235338000612,39.693809745143206,316.42515334061375,253.14775030133507,10.557288067395849,-511.3776302687702,-41.436990805937086,32.52168957232975,-111.01600059112417,309.1711739892865,-0.44156349402116035,-1.0234761594277426,3.9463526120617343,-38.490148678632366
29,1.2424242424242424,0.9613336522025073,0.056635452416633134,0.0005571864363188791,0.04909359555689947,0.007401380560176046,0.02955787110576334,0.04347671293485761,-0.059094499614456175,0.019525838080854164,0.03801463492603854,-0.006356009181700428,1098.2658664673418,-203.78883954040313,1288.2448095077393,-239.8023141972391,131.81874596662598,2449.7356096486556,-48.72315219685831,840.6019640153838,-758.7495587095232,-1964.7989638557297,-3525.0906236795818,584.3919441142925,507.8239766888231,-3963.528549904865,-2999.712380251379,-187.53748564356343,2705.8387246643974,151.3946714351407,-514.4034549095079,5967.958196905941
30,1.2818181818181817,0.9286770809831104,-0.03357857322124662,-0.05115554114260856,0.043116625932064626,-0.030745916301184072,0.04732922081613985,-0.03185447495993119,-0.03640224011380036,0.015622836121558945,-0.01877671712341105,-0.0631658909094784,56.29693006146188,339.73367829689363,102.14463973407572,-9.425418266369093,203.09337640203034,5.324739850318389,-125.70879609307967,139.4279157425462,-108.71638819374033,-146.69791712311817,22.505229018455474,3.7509462563395566,-134.3547571138012,-40.375358242199084,-12.486188225676095,-137.75923950844904,-53.49050289806337,-78.63334457540165,-38.93254982852345,4.578038773154579
31,1.3212121212121213,0.9771823064079644,0.0477437805096824,-0.057296805852208144,-0.0033272027790085075,-0.03211024153274343,-0.028092862712427124,0.043632419628345985,-0.031736198235514074,-0.062160008365487,-0.015473804090554549,0.045214127771949206,1197.26153654374,-82.3081503594643,50.19211501354896,-471.6263330770321,-2429.1524656423035,-126.19284546371708,73.12482652445186,-102.401153593588,-558.7008651827946,445.22751908662315,-158.59863598018558,-1390.8451591118196,15.3818064431861,-573.6441017964746,-403.307061847299,-22.576948631396732,267.9753497854046,1062.8840130919075,108.6276791180473,8.704483721981234
32,1.3606060606060606,0.9787879478971407,-0.05970651593216296,0.0212002481366411,-0.011398037828588824,-0.0334998702334674,0.0672139410722297,0.03634519947057422,0.03732095124031959,0.01082680655183164,0.0565567984261535,0.06790233058338334,-272.2339557776331,-188.13986534893104,-241.81491364767317,-2619.8631964865444,127.95403122351775,-518.7875887631878,-29.416724916177166,-274.1437690256897,633.1594802051886,96.35749699116926,-201.2430450445985,25.731755153933136,70.21834770874554,-1100.2121316892908,256.0326882865371,-671.3292658617277,350.30220290330806,-12.403593333923268,-121.78704324905104,418.4195483041726
33,1.4,0.9906683425958309,0.052760465842361395,-0.02115890872226387,0.012683048216849518,0.023782949727047843,-0.021382823566185084,0.03056577384629191,-0.017001321269683678,-0.05241462223356872,-0.04565596377448082,-0.021378249332363645,-705.4348350366668,987.4329302750563,-542.9234273468303,51.41908951770303,-488.15637855347757,310.40669009002784,-3024.6105375425977,-72.98084380947552,115.79094847507346,-1726.1558805029824,-78.64598739197984,473.5339736622515,106.30661327546323,-907.9164395447626,3323.3785260773375,1026.3193509803284,-6146.761951930292,917.0678105126985,970.8163662009147,-698.3780029080453
34,1.4393939393939394,0.9896801336187877,-0.025335796724978037,0.00040998556019284494,-0.06459101703884933,0.048234036235946076,-0.04933876291298211,-0.04382192440179027,-0.057143551087160696,-0.037885462615540356,-0.07083994245518366,-0.0358463530535857,286.32083134475,1791.2294751905517,331.96342311371154,-4.834738868095323,-437.6621519987078,-249.94109371324447,-49.93844703520313,9.988652709019464,-701.5881740077355,1004.0688558402459,493.2100991994753,-79.55135266346417,124.81735647957757,771.3116134980488,-800.5617733965007,-6.991682383530369,19.253148924011143,-802.6350070934144,18.458403773642292,-309.2804346571586
35,1.4787878787878788,0.9975857358409763,0.0327379842938177,-0.041063875470451525,-0.06435282662248201,0.013575228031751355,-0.02721062973585649,-0.040563934870409324,-0.037027316164523545,0.0591085187734726,-0.00135236128861329,-0.0040866871917699926,-149.21112149736237,16.709380963628906,117.26150837461344,-21.622182887819253,615.3499778404522,-1047.7203903571071,-736.3190546808162,432.0818893277518,-512.822481175332,6.0051741445174365,-1383.698643046831,-71.03925913839022,-2532.7158603368784,-250.76666682373911,-1510.311585617334,18.148899585243136,52.73281803076804,1150.9235781559546,-724.6479514505173,4419.998883527211
36,1.518181818181818,0.9657090431030725,0.029659957365155053,0.07584252408043382,0.07295571108366998,-0.06396167513109925,-0.006102876269702117,0.03934848977270673,-0.04881787819064614,-0.0751599269264559,-0.03505665428115259,0.039002973373300366,19.799679848366257,41.3894763677946,19.402009198023833,36.3282869391839,1.5443679289050731,30.123138705785554,-20.14792893628999,-92.34976450397977,1.3276171707072733,2.5139410604427788,-11.862734083818296,-68.60175516956232,-4.149350818252992,-5.704721986346407,-10.136250216997373,-20.58507774590487,-58.0362112556453,-28.666219965037364,-26.01515144470177,-18.34687029488849
37,1.5575757575757576,0.9953814627124353,0.06527665225010704,-0.06679752391352443,0.047336644102292914,-0.005174061613067658,-0.010707638054106365,-0.02668511713752373,0.04292081382139963,0.06597674970247036,0.007122354410803215,0.047655001118508865,-259.63478150899874,-58.27295377168801,1754.863911857813,-3448.7420822948034,592.074440027194,-44.70900604280254,-1179.4376024781768,299.4125552982564,60.37927704388322,377.3451672588387,-126.61706156366915,-231.5704116723789,467.718797348052,-461.7089960094719,-330.88032338516996,-199.1730583651704,-535.5934663325224,41.342833722337886,598.5023881283582,252.22323270371362
38,1.596969696969697,0.9986062939259082,0.06691715831989953,0.05043392718695385,-0.021534595276470028,-0.024722551579314554,0.07916012259186227,-0.06223103246353597,0.04094701204196709,-0.03832935090790443,-0.019738058536809797,-0.02875066601212506,342.3489442242251,79.60979945565506,-1030.718078134743,129.04920287539957,486.1381604681619,508.29190448275403,-111.97065809792826,-87.02604921327327,-442.9408295326018,-539.5693601903638,-117.81263622206481,-70.37230209103649,100.69047727123098,-3.987343566283732,990.5759832034757,-143.35967537124918,-33.870026415820305,1.6516138868836996,-1209.7140609985918,-41.320356703140874
39,1.6363636363636362,0.999561344709011,-0.05675954619469744,-0.03471770423462004,-0.08072261546895257,0.049952462508847925,0.017626980584483483,0.00859060849640542,0.007575016318182378,0.07726486496047587,0.0671952129966148,-0.051079307061437276,-1077.7260662761705,99.0522346575992,658.1912792615342,416.27823698948987,2561.2212579509605,145.1052179517053,20.233181574010874,8.737630279054073,-69.86533029689636,-318.00318375981783,434.3230939008472,-845.6265369803106,1121.238151683212,-422.17499912773985,-938.8958653631553,-62.7412637631569,3.0510338356028326,-529.2842562977278,740.9430272357331,-48.65040356644219
40,1.6757575757575758,0.9995930488482917,0.07040585802035385,-0.07518688386710161,-0.07388231830369832,0.011315458031435736,0.019713136919008112,-0.06958967905357936,0.06427285917379442,0.013024161212553415,0.06668931373470234,-0.03171894001344152,-579.0319102041265,-115.47817908334412,11.600078857663718,-113.39365522031422,43.05802245837584,59.75572853597738,-71.96720681052554,-567.6260938390105,9.934968274591128,-1418.3854596503513,-179.86708815931942,-52.68789771738921,-94.75844739974174,-34.466521919603885,-145.99492269725363,-13.501365967236083,18.945918999573326,-168.82419477824254,310.0875180759984,-138.18308344186988
41,1.715151515151515,0.9995015826889617,-0.02520290275276853,0.020553195150936482,-0.05210825107846447,-0.058851394843437835,-0.06227483235609377,-0.08493991173288461,0.011335131604354662,0.03366190573851429,-0.0006830336566380339,0.06765528337813802,3.320009654340465,-9.871486460739936,51.32596557445487,-39.9435805805225,-3.5232854009348835,31.99081687412558,163.90980382121487,47.902994878712114,-102.38313883235146,117.9120827592454,11.385375450972688,36.30464976023332,-101.80460484220562,-335.63149988089924,59.73800841391894,7.176393015472819,112.33813972056913,-15.961151763739243,-12.652223645253283,-31.219534737055632
42,1.7545454545454544,0.9968374695460887,0.037520244822157836,-0.047717459377524016,0.007239254303283671,-0.014871622722790068,0.012917702673334464,0.02382884703474829,0.03331238055250411,0.05405133762773508,0.06270497497759044,-0.024150492027884524,8.759923897218908,-7.147560375255515,24.824741695573294,48.39185748951631,20.294179887775634,0.6507448191619192,15.432371902401336,86.60103772574521,53.31056700355997,-5.884085355345324,-34.783062051303865,13.024611245433391,31.506805559935067,2.3058544824489706,-37.927036858108224,-0.5524565724116741,-175.8716027518551,-46.529390302962454,20.28852699906883,15.702345511801592
43,1.793939393939394,0.9995454592801676,0.06127623942354839,0.027879233067382013,0.019126406232228006,0.011628025941283806,0.05227893088148168,0.021636056824591732,-0.08088822900899455,0.060758020041193406,0.077426983572112,-0.07042601780851897,-56.95436869956005,2.806735283777835,-21.258027411178617,449.0550946149714,85.22806334263569,-3.692857378955753,-33.23762600225457,41.45957841124912,46.19787255542926,34.59833963967742,27.273084241148155,38.457247552518155,-97.18878590513165,-17.171772037830664,-90.37373147911639,-102.4314220580732,96.82650925097813,-45.20224208552265,-1.6270899782528594,-38.871548274223706
44,1.8333333333333333,0.9995474591685596,0.08918237748349044,-0.050522926534221704,-0.028669233938037914,0.08876189634255024,0.06206484792506659,0.08370412790913621,0.037906833706989766,-0.05966409398891204,-0.07705578431531443,0.09116585737602487,49.326721524981615,18.102225683362125,-0.5916548852789704,32.072704075145346,0.18073873772380616,20.623757087446286,22.799079374238815,-15.975390317185623,-15.45694576021567,3.787476483715974,14.605171678996399,3.416775990662594,-93.38047032888491,27.019948969914523,-121.81260047890581,-9.399611704497648,9.369833973550689,0.11301261898362588,-5.816326926185763,-6.4815524475873945
45,1.8727272727272726,0.9974584407275852,0.010079219070116387,0.059204003710275586,0.039179413108292704,-0.0720915416115597,-0.0902595027109753,0.028264859996117532,-0.012881735477359718,-0.03538294713824205,-0.062264048104491154,0.017703599763828095,5.448905094546365,-20.87279048096434,-5.340227002337203,29.54840645734679,-160.89688802011358,4.029436588244312,23.839880273333495,1.6233906513401641,61.775335958712745,-11.015795597925017,6.052514345329396,5.90399105081506,-38.01894117537903,-8.389712483113879,-21.72937574787084,-5.427730866081176,-11.592642852394128,-30.827341224498937,-11.981415928687738,-2.3459251239613996
46,1.912121212121212,0.9995212027677874,-0.004946861755424402,0.033539518574709506,-0.03960800972097396,-0.047400382545113376,-0.03155778144225245,-0.08630815181104139,-0.032437224286567666,0.0596343263235206,-0.09208496979295275,0.08883313695886656,-1.66776485940217,1.9422099038629312,-2.828903042620314,17.89896946887601,-4.698830995240771,5.268451386253002,3.8980895630672068,9.279082501952919,-0.29546560400250244,3.458382186465537,1.3229846543933093,2.2766284522460905,-8.789351671590476,-3.3177884095380663,-0.879784271569249,-62.0089558241594,-21.82309250311971,8.277521533957284,0.22352279804249064,-10.900289761951653
47,1.9515151515151514,0.9994934717032522,0.005582405443459277,0.07915498406942685,-0.07758607791852648,0.07941905846600396,0.05884183544683754,0.01995191123822019,-0.03787982668375276,-0.08525707067588348,0.0686206285617166,-0.09191759079082282,-3.6038778290722293,0.01320724238860599,-12.595364420826307,-3.186758292733679,-0.3036354380938866,13.194931353575853,-1.9344816380129157,12.240482504604344,1.9838305225311565,5.492678047123826,-0.02082894355040566,0.9815290019099723,0.11561590592612445,-32.24037492518218,-4.318824552486489,-10.509083536081112,-3.8427724261718748,-2.1588478721617,-2.3432612705685925,-12.59636710114423
48,1.9909090909090907,0.999457371027719,-0.03296167821774561,-0.037055525608618065,0.025781218558045764,0.033154452337383844,-0.03775483551543586,0.06538810299280122,0.015440218126184832,-0.025990478269998007,0.0878991587540285,-0.09071075105630784,0.703065556722973,-6.603608722936028,-9.786144008760647,-2.302763758374455,-31.93872955683998,48.34044827483648,2.3771005719474756,-2.2396455173279355,-1.761145783362644,-3.2773323141079813,7.31485058241491,-9.528046405741051,-3.8403427689347502,-3.0522003092626333,-45.153242601024985,-18.006480775290584,-19.440222587046133,-5.908386870892658,3.7007176580519383,2.0419051324855912
49,2.0303030303030303,0.999451486558602,0.047480941212471366,0.06470808069111826,0.07524249219129092,0.015769636979706785,0.021948273978795875,0.003424037055042488,-0.010181818440629428,0.09466843503314842,-0.052979025605034424,0.019136569837385632,2.55234081623468,-0.28513726090692537,4.933928204489803,3.627485784284926,-1.900321762995203,-0.032619936333001656,-17.578951011627993,1.365149898317475,0.9765767222401,-0.9679453695904647,1.3723480179919139,2.5504507133835554,-32.48058507045404,3.2578283470554315,4.809935953266103,-4.647977235800967,-1.075163078565775,0.3879149181881907,-30.401230591685064,-2.4140859381766204
50,2.0696969696969694,0.9994473533842873,-0.017317145603418193,0.018526419337720333,-0.09783368156131313,-0.057504682883160664,-0.023791930269548067,-0.08781513890435595,-0.05323655906272753,-0.023594745672243143,8.785868363652937e-05,0.04305888578090729,0.084979914050088,0.06555234626502066,3.707961294263857,-13.194008401556298,0.49854750855275864,-3.1996736644036403,-0.319867916631846,0.3740887349930656,-0.16254290463183407,-14.639142923450686,0.029069091171718575,-2.0646188279714712,-0.8905089023030841,-1.7634204482721327,-0.317734364042152,-7.44507565527833,-15.992469243309026,8.00200618993287e-05,2.878380413217629,-19.400959452145806
51,2.109090909090909,0.9994618181613566,0.10070227743861204,-0.000542086434536126,0.10112850648375094,0.1052525109390116,0.06889544754168343,-0.05432336468287061,0.09061238435610233,0.029206583301602564,0.04972816701493904,-0.05859671950448577,-1.4304631563687633,0.8525459253690546,3.236786615232921,0.5610811320263603,-2.440000501677489,-0.15480335682834417,-4.3013538919714245,4.223678185358704,-0.5313454721574642,1.598160566451654,-0.26222410197048307,2.5450498559741312,-2.358496041878989,-2.9227103508272907,-4.313004549275979,-25.7079790503726,-1.8911488943029584,0.4612830352564551,-2.0761051181458887,-2.462779130294496
52,2.1484848484848484,0.9994698570139966,0.09798654873609872,0.03810141113486003,-0.03168102658450849,-0.03260451143144244,-0.05045542332436809,0.008007462386205203,-0.0784258346978032,0.0007103122346752489,-0.05744721941131418,0.00641146963535556,0.3682608675559511,-0.34763686215265843,-0.2754957430184195,0.21680704143418547,-1.5361811418196094,8.745063278156302,0.6782082136256229,-0.30186286302211807,9.616916582431703,-0.36266833498931556,-1.7828251462325997,0.8497996209930292,-7.988497724322677,-0.3233195633746003,-1.4040426323033128,-0.4985664426198446,0.8818312088604756,0.9017252536513367,-26.78636660105097,0.7991493879512102
53,2.187878787878788,0.9994756996427681,0.05466543052021483,0.0823627019986288,-0.009137733656719396,0.06723585131776666,-0.06183053569466597,-0.08391097648311395,0.09572406822200327,0.07090775916818874,0.020620301626190236,-0.05450548296631301,1.462771034877517,-0.804864566433644,-0.5114168793492211,0.12869954564066718,-0.037829619353714435,0.8865806285066504,-4.43624465420301,-11.717917464539127,0.18291532193862825,0.8857433131910912,1.3545079800961286,-4.01181377317698,0.46400613917658895,-0.23995012139719335,-0.35714130399105437,-3.7932565527456275,-8.566212619594186,-0.06462539910990588,-1.5724860826663587,-6.257506729257838
54,2.227272727272727,0.9994729799634039,0.04610897703195894,-0.07936452929388721,-0.09408757736925573,0.039706923718920706,-0.036669859250705664,-0.10246550730591304,0.09467283682712639,-0.08128007268649003,0.07842612634926929,0.058210856340767135,11.027993013444632,-3.304250027822756,0.004998436600714102,-6.248744917030588,-2.856070612924289,0.6178266999543534,-2.1910317488008917,2.3012785086338914,-6.478310256709773,-9.028898979921825,3.1757103523854657,-1.339734403921567,-3.676088326528784,-0.7280121000476538,0.13661533238944257,-1.366171435085551,-1.2916317095532286,0.5270446211511552,0.337281802060728,-6.356162032814414
55,2.2666666666666666,0.9994570963380244,0.03760854635352493,0.10706039529279125,0.08070264803987891,0.10689292795235308,0.0171624963061117,-0.025283769665109194,-0.08665136270650345,-0.08465738302953532,-0.07227280736886985,0.07745416531655616,-1.2800438343079734,1.8097432056218947,6.4151262253216785,-0.9161532285442373,7.736335235767001,-0.7540283863103663,-0.1250748347431761,8.108179634160962,-0.39015508123039033,-0.1801814836148432,-0.2269152750531654,0.3859415685608095,-0.6674120908000767,-2.0715253713523336,-17.62081791739807,0.019286160284868577,-8.056862121695884,-0.07609549318921695,-2.0944386238649724,-1.5410840413078843
56,2.306060606060606,0.9994629573495992,0.08246779731281531,0.0814907727274473,-0.029186534823925532,-0.08287646518046364,0.11525506682140337,-0.08210641647881108,-0.07827916172623466,-0.07009212647388371,0.06980073248966803,-0.025794651285095244,-0.06249971715229333,0.016518084055024893,-0.28209410858939693,-5.9750447348453335,-3.485313547047708,0.1342001817991086,12.910981144029023,5.444023979922097,-0.2361047169158268,-0.09269942707761121,1.140583083311121,-0.8442458074102318,0.4157350078698586,0.749091011953291,-0.04771417162235676,-0.7184705796015423,0.09998107367993858,-12.332593227241867,1.5176632127938587,-0.05888107069108722
57,2.3454545454545452,0.9994550459003314,0.08972849349042725,0.07034193679932074,-0.0896710869588277,0.06289588595858706,-0.09554401020450823,-0.08847423889023982,0.07894753593763217,0.03123767224079719,-0.051118444932204146,-0.084063444293443,1.660156591377844,-2.3971142497090314,-2.455915726309916,2.547932889166138,-0.8840830162012805,5.417031331511968,0.22674292898462323,-0.42567053965652824,1.200878606340304,2.1498114507094197,-1.8004957119585185,-2.2662149364509,-2.0428605081123514,-1.4159699028049064,-0.21050122982002611,0.4703992865246326,-2.9691604604423785,-0.36126083282062554,-11.321730853183523,1.4159241747947102
58,2.3848484848484848,0.9994614715925783,-0.06402255416873848,0.060625160120944085,-0.11382502140825128,0.01623026054701335,0.018498377996995018,-0.07814213678075646,0.0765782478900892,0.08694045048620994,0.10541672267666577,-0.016582639953523205,0.5327149817581404,6.611828963672043,-0.06048489560202031,-0.5343131317729313,0.49647137859776996,0.27268820109073577,-0.28272666297209115,-14.105725641352869,-0.031131048665657246,-0.4900440308222036,0.2317264811293085,-0.30701156458731904,-1.175641790305177,-1.9662262881799468,-0.9921099324368827,0.18524532466571736,-2.9085614502039974,0.3130629485557862,-0.5078995098481968,-0.2557183867567715
59,2.4242424242424243,0.999432505088622,0.08360176172189526,-0.06971474327077712,-0.02940539782446146,-0.07001787838326662,-0.06911674344118732,-0.11102420059168286,-0.03246504565592244,-0.04240614776632698,-0.013287051261329749,-0.019053160090619872,-3.855237729048672,12.836813610928566,-1.8200598586761592,-1.861380972002505,0.03311907639688626,3.504469827465569,-6.416416962637662,-7.77373328701886,0.370335025535535,-16.417712353543195,-0.38474368409966664,-5.460439409554521,-1.091973859567469,0.17763109304107885,-2.2966755090364854,-1.6179682828982134,-7.736839635341775,-1.1266830720633385,-6.257344216918488,-4.975303667631248
60,2.4636363636363634,0.9994646928967598,0.005954963287741962,0.11415304560500909,-0.08314257646357333,-0.008994562536824163,-0.12216053065150241,0.0568158652864168,0.05385550092673559,-0.02792540067129602,-0.0748388187456004,0.06283934056290272,0.6737862661563555,1.575822718812483,1.6929709719642307,0.16928947737930902,12.912652444899681,-0.033889120628582424,1.5947908009375231,-0.07686461283644054,2.811596489126699,-0.8314342593763169,1.092925560821464,0.759685787451881,-2.9290608731688272,-1.2414142157373549,-6.147026245154237,2.7053810558295095,0.9212677667566523,0.45270424678792015,-0.0014192459741313025,-0.589934625807857
61,2.503030303030303,0.9994502170007364,0.0023343973817489,0.040816581591909845,0.03856787006633929,0.03963231038945444,-0.052920327959869964,0.014800105810456729,0.07591372941558769,-0.08538876583553766,-0.01784703008337405,0.055051834890181076,-5.915119737779213,1.2325586090223393,3.650074855589067,-0.7747880160413243,2.513149874617862,1.4990338031545258,0.7523530118198978,3.2821179420287137,-6.654398824366933,-1.0470212124243017,-0.8796948880954645,-0.6317921365265663,0.098907830474699,-2.66013614201099,-3.5966014551115943,-0.4484858311119946,-2.0969741701508697,-6.641151539819018,-7.490147190861704,-0.3382107943865572
62,2.5424242424242425,0.9994459547357062,0.08158431022856308,-0.07549515248138437,-0.06768440421682426,-0.004862668491740834,0.030159552301296282,-0.08233879190303275,-0.0083170396084251,0.03881417156202683,0.07239738190287492,-0.032295833698318024,0.3190634914987488,-15.605431456908962,0.14810813761373498,-0.3751538807661688,-1.1274616304431737,0.6407662341051259,-0.3691870535027287,-0.034665519894581484,-0.24359757839235782,-0.9003977450782444,-3.0348569746160186,-12.943023212127976,-0.915563090212981,-1.4840717078677965,-0.24971074304605034,-4.820585546606262,0.07616142522206681,-0.5638727145748956,-3.8941074183403512,0.2572201275593007
63,2.5818181818181816,0.9994525889344645,0.04437399386346179,0.07674874747395828,-0.11194616974465646,-0.12446193198019433,0.1103731393147227,-0.08631808807876415,-0.10599855333857848,0.040112853701069866,0.02555153555378279,0.00693181279694593,0.6618371313027953,-0.6981818138434907,0.3463520907852059,0.06091935625922992,0.3617067126898978,1.5447963936013005,3.268975358757226,-0.5952976316622536,-1.8950042860314926,-0.1603184753039173,-2.5441010803866497,-0.258752058897358,-0.42621270737321104,-5.273607880729871,0.1379493718678406,-4.849171346377515,-1.8182880360430056,0.3518651532733521,-1.80591828280873,-0.3009183847979237
64,2.621212121212121,0.9995140677017691,-0.08356496118795366,0.09532644920796807,0.07358649585038848,0.06333505041604809,0.08257477710228321,-0.0817590323648381,0.053794182211533426,0.1296288084708867,-0.015789447827969847,-0.11852524330748233,4.432484961338679,-0.7440792034694369,9.421549367959333,-0.006982128301550773,2.348978495703047,1.0811338758424862,2.161828259502895,0.20874004944572522,-0.040421064500259285,-5.846252120569496,0.3748619728743503,-2.082333822140833,-0.04733062428253618,-0.4540056798931913,-1.307406842740304,-1.5221463665720703,-3.635912197464722,6.846995627101361,-5.070578321932683,0.2677520187286613
65,2.6606060606060606,0.9994580492616718,-0.07539151849191023,-0.10408967040597897,0.05690105162365481,-0.05922695029393159,-0.0015841480173672325,0.009014110366647702,-0.07710780895063662,0.04145658141282534,-0.021338391915843778,0.011718336466070647,-14.166491025613736,3.020494743715525,-0.05066977551682699,-1.270510741484141,0.9449846448668796,0.6705004583717257,3.666799724627319,1.1824309683341643,-0.0241940435317936,1.2563558440577105,0.554151853344199,-0.2216021087753963,-3.8049100585978133,-8.619388424388632,0.43386785093008184,-0.555237452799536,-4.561127496088348,0.21825757541425905,-0.5853582094630356,0.8399052466680266
66,2.6999999999999997,0.9994685014891145,0.05570217220222347,-0.06882417334500188,0.09322988675630925,-0.10832380571825564,-0.13309344215599547,-0.004821331330669369,-0.11891756155038176,0.0017439017594765582,-0.08533181121688159,-0.011435525009173927,1.5262626672733384,0.5467416184079741,7.078854609576397,9.673263880399869,0.09795890891741195,-2.4547293603939755,-0.1012307023535089,0.4068044405740508,6.643033887760289,0.6229575366137923,-0.921241484949973,-0.6589286275480486,-1.883083952453188,0.12127290191168344,-0.3918415865821166,0.3757453480689671,0.03801001518302334,0.032750605664143694,0.9121834907996798,2.6963815837565184
67,2.7393939393939393,0.9994610791562153,0.1064204516369667,-0.008787530959528885,0.02903062936920775,-0.13484181940163015,-0.01376579972478568,-0.09686424336630459,0.0772066232552499,0.03915055123856909,0.0963473486395074,-0.09650003850184616,-0.007779612611292225,-0.24884571678441242,0.08238381087074786,0.2294987119264539,0.33315377737649304,0.30653922185613813,0.17454468678712648,-1.133645830868042,-4.410336029234868,0.911461125298298,-0.8408315203026718,-2.3433954540440443,-0.0007527877604122466,0.2498903682703662,-0.9026249403490012,-3.3958396539983133,-0.22001107658825764,-2.7452941457137947,-0.1704376307147899,-0.09956755562863517
68,2.778787878787879,0.9994848999768096,0.04999131437773859,-0.006694781140816024,-0.012318324697681165,-0.034347375053083676,-0.03406824675062947,0.12477630186765284,0.011944399106062306,0.09438084302785225,-0.018144688681251804,-0.033917539731363924,1.639788135428922,-0.6313476805488141,2.3720326317434317,-1.6490888865634938,-0.19124312477389996,-3.170290449378463,4.961148466303575,-0.03751911990104399,0.039908203392348,-0.9463112732147549,0.9177155119916783,9.428427281142707,-1.7780222724645647,-6.500014621903065,-0.338403681274396,10.207763987709157,0.42476918030837163,-1.258372119344274,0.011196115880175373,-10.379307315244429
69,2.818181818181818,0.9994756408005906,0.10771127591570259,0.06297125607111206,-0.0620457933177591,0.052727892819131,-0.027599511922724806,0.13633167837434104,0.08902279442996636,0.031792899815571415,-0.09859535212818325,0.005586054464519129,1.9882866959803853,-2.0162409002599135,0.1584083156505331,11.693017182917515,0.3501909542804816,-0.026315669116694286,0.5188281999786788,0.1473651116432946,0.2875091376643133,0.4805380150152368,-0.0064746297898677614,0.22113304041606235,3.9171176482508923,-0.8720851142431323,-1.7566841786938538,1.5004947560301143,1.0690209622629774,-6.10638641038309,16.110218455003036,4.193857938834267
70,2.8575757575757574,0.999473508287706,-0.11687203028158166,0.0917304424729142,-0.07928194265254698,-0.07301185710115979,-0.0003233687097075717,-0.12129900945649914,0.04925214776216601,-0.016421882775333047,0.008655532647495181,-0.0460871941112922,0.6862804006372254,-4.123174390223854,-6.176706064879104,-0.23943486636642836,-2.9451213163413623,3.3500007813376027,0.2500085147712397,-1.956308026668049,0.5437577358694464,-1.3294388738008927,0.0041714858259170404,1.0522421124202839,-6.633909783612248,-1.4322535675329986,-2.545140985685502,1.69435058242553,-4.120824810335297,1.3603070914973077,0.4882496411059355,0.650092618453353
71,2.896969696969697,0.9994652197357368,0.07055053168504298,-0.029011715638749352,-0.0009680188757517572,0.02439935621954704,-0.050316358198870356,0.14472321639080338,-0.07098508216134478,-0.10792011440742504,-0.04494819803305754,0.0009563194995608494,-0.7378352449890901,-0.8464328093262043,1.0043872430279,-1.4214430877313409,-1.392711141094513,1.1977900426593149,0.00926283836201989,6.916140664067273,0.4278284867747023,0.6043910122636096,0.9770471614179008,-1.3376671434097727,-1.4388182653783677,-0.05174398101238545,-2.84506895859111,0.2891981583180345,-0.21664861750486944,-0.09093138410414538,0.029122349684088,-0.4809472739103148
72,2.936363636363636,0.9994798716102804,0.021071322002338577,-0.1265521349688237,0.07039718953202945,-0.144861594657363,0.06832633967986654,-0.015779215349677998,-0.12118022132451708,-0.12613349259255932,0.13560132414705706,-0.05865991588067117,0.25454034816301374,-0.40882097829432495,0.2883484674452559,0.529570829088623,-0.13375788324311433,-0.2122229634907905,-0.014813692253185533,-0.5580876323065463,-0.002745243153202441,-0.7859449991988674,-0.3271536034758805,0.9216252407335132,-5.898211493350848,-3.584139794823049,-0.4708390264808725,-0.433087983037663,-0.28383444002574176,3.3258701664209385,0.4048861193297739,-0.49448289039753035
73,2.9757575757575756,0.9994792511551314,0.11944640325844184,0.13432884033288955,-0.1297341649922234,0.07384356894900193,0.07401776962077349,0.11488501817947083,0.08042924954727039,0.058244240931367375,0.016669292774334002,0.0013172513777921586,2.157261722613451,-0.08300940874292032,-0.20275467585239865,-0.772628898492879,-0.2704623282381858,0.3387612739341091,-3.102798142137372,-2.5659513319205685,1.4884652528333966,0.22539847976003352,0.12706597770765277,-0.003877158948736371,-0.31854702773619753,-0.9110263579390532,-2.092777464615456,-0.19661729531496513,-1.8205421572152196,-1.4758319670002018,0.053483532250260035,-0.3675942031203616
74,3.015151515151515,0.9994915185703785,-0.08459735985443263,0.06721466939647834,-0.12751542812008235,0.0014034597417474373,0.0005730449728171393,0.12649209618759966,0.048438296902831204,-0.10621491363078568,-0.1187091497174922,0.10697369834911279,1.4693164281425874,1.6134661458597677,1.8148561907066671,0.1879015171924181,0.025497523058705944,-0.04852527137206649,1.3126628657781831,0.12890330628368493,-3.306606388041054,-0.28031481394707747,-0.5781037856427333,-0.43183496792813736,-3.058159988023442,1.1757331394952857,-3.6080507043257084,-5.0461981043690995,-0.06760954674297329,-0.25297749155829474,-0.11737293152971795,4.89435149281138
75,3.0545454545454542,0.9994820540024068,0.029200266219697218,0.04102086380812778,0.12120689493019206,-0.04116558092609115,0.027762613801653402,-0.15230542535307928,-0.008929087258016104,-0.10060486934837778,-0.06336163835772171,-0.11732336742600806,4.57294047164809,0.884010652181757,-0.05591913715045935,-1.367928881851065,-1.7725599782506491,-0.816109491551985,-0.24541420230202707,2.73288245144865,0.5696057314419027,-2.3670666952219577,-1.7735835432288007,-1.4834115898367974,-0.9710917678542816,2.5195552661516314,-0.00482747950113798,0.204052003764993,1.4449311733128476,1.6503205701409027,-0.11346548706807627,2.6094493334864794
76,3.0939393939393938,0.9995103813217157,0.12387366034626761,0.02741943246366017,-0.046442587573163954,0.07780442104902331,0.08699122100393793,-0.0796190081764083,-0.13805584874600718,0.05517113235098563,-0.0722836296611977,0.09420141234874427,-0.10748555383232727,-0.1628102342322777,0.3815214979122625,6.600887442609755,1.7333121255379422,-0.47258513350357234,-0.012367259236521582,1.7819769027641883,-0.685631299148838,1.0238585218518956,0.8667665404075202,0.20317026254240445,0.24566734329003503,-0.015108949672004624,4.455583250053227,-0.26965553659694835,-3.0946902282559785,-0.28735955567722815,0.07913661828683981,0.031413552664006486
77,3.1333333333333333,0.9994749167190904,0.1391303866731502,0.05356209391534591,0.013330664463134459,-0.0010911502520794625,-0.0830759039471977,-0.0744977968903581,-0.06138165031872561,0.08708040179307443,-0.04954999276573936,0.07788739592244122,0.8309988395101646,-0.04685191572255497,-0.7369630061753322,-0.03616733112717187,5.260078527488952,1.057103177726878,5.932786354760422,-0.4674886046764851,-0.42713648614043,-1.0614505387641864,4.299114645895679,1.3298664656479522,4.961122478043642,0.5108825382908175,-3.914036590851709,-1.4565637916325311,-0.10615947304160787,0.10475472219311385,0.015645783172418458,2.926867308050584
78,3.1727272727272724,0.9994899032930725,0.044819396687727275,-0.14095874048537987,0.04739147234944273,0.07669416148796368,0.15168806004527863,0.15428589860052272,-0.07080605778910716,0.08849546597058125,0.08461591410761155,-0.1460732329402809,-1.339104974368035,-0.6960957958064917,-0.20303764639382185,0.010656338905334177,-0.8820810227112528,0.032543728122870055,0.4008068001843429,0.45041752920032163,-0.9620397063123056,-1.160757605148376,0.3750969708100347,-0.27465193692149814,-1.8925162968810754,0.18742662744879746,0.3259390255724084,2.148804383916305,-1.5688493651060735,-0.10092625221432475,-0.4808241276611599,-0.27671527483754155
79,3.212121212121212,0.9995143760859504,0.04634658017764441,-0.14262537327923355,0.14128584001017172,0.11808774799114326,0.07455683897458948,0.029596468706319056,0.07610945991728503,-0.09933670832816321,0.05289438493163538,0.06861404723342973,-1.371644014831006,0.21304504845200248,1.2525144562464332,0.5273702223138366,-0.6686250291589155,0.4924907983453385,-0.391873085609696,-0.39122045578460984,-0.40169497911414476,0.47545400508450475,0.14005963715937572,-1.2578215017966792,0.10566130739406424,-0.07449051893444553,-6.343896701842811,-1.746068517901033,0.5706158540869097,0.8218699405700219,-1.8876276153136962,-0.055399061364506716
80,3.2515151515151515,0.9994725580885288,0.12427360148135565,-0.13578870664329312,-0.007189335150073658,0.12242542842610808,-0.016498802490310088,-0.13139564419538782,-0.1467521054223864,-0.14032930483687361,-0.04013658840158441,-0.13378081434598696,-0.06174266542744449,0.7815308933295075,-0.29484382444832075,1.0465980495843414,0.5481794400488731,-0.3007432783152746,-1.315400556819902,0.5332083521140084,-0.07758224769010294,-3.736684792218569,-1.0185451544744362,-0.02014187368011732,0.21828874887412944,-0.5408609216911873,0.7190659362266739,0.6347048640423035,0.2645527876467235,1.5497665049352531,-0.17281870358003484,1.2359352004737403
81,3.2909090909090906,0.999476827058206,0.018245597040217745,-0.1558719733032738,-0.0444426063083121,-0.04679892918003486,0.12540079196113232,-0.1316889256501496,0.11391721571322136,0.037461145356575944,-0.16040182684335497,0.0072080141852155655,2.7527543817357105,-0.06492763150526999,-2.926656572864135,-6.866686653747145,2.5116261502539547,0.06539100386534528,0.27594174179612674,-2.644798949766985,-4.715480258365751,-3.212778936746899,0.8770563276311019,-0.5057991885155485,-1.0039657008787541,2.8954578763695826,0.35828540385120355,-0.3829687960486948,5.486762814356246,-0.08224237474598182,0.5020911880342809,-3.2533433395768747
82,3.33030303030303,0.9994973326434062,-0.15247528873143523,0.149735661920548,-0.1572661954861186,0.16379324102938836,-0.06101786428059854,0.1428675656632416,-0.0004299502892969991,-0.1508882852076132,0.09408245050464129,0.012625584054256383,0.48546867097731283,-0.07467840248495536,0.48514358618341813,-0.8724254895622842,-1.1730809509042763,0.10706990415296685,2.0919305662685104,-0.8635682512239633,-0.08448859526736335,-0.5498260502856409,1.3947989465242814,-0.590056158826255,-0.8389653141177603,-1.8763289604638174,-0.7095755006972373,1.940187397058037,-0.6031515708871167,0.451083149868299,0.9518975832089205,-0.9278904449251171
83,3.3696969696969696,0.9995078074522816,0.11238077531918707,0.012051958601669938,0.05778013028579264,-0.16597875254685193,-0.1119138574170987,-0.10169688477751741,0.06881881941658176,-0.058571914900846234,0.1428252506962407,0.10440494288682627,-0.046486017238096006,2.800939176748047,1.7629598252389749,0.7043364255938033,2.889023355899898,0.006963046350903709,0.037169224705535756,0.09735844247400405,1.0523969958859611,-0.06441251393674582,-0.762434496044329,0.17577762255599044,-0.5623604815537578,-1.1832879671922458,1.0182350244474787,-0.038766382904743935,0.028482661298044873,-0.8000788446761673,-0.08703790512981188,0.36804617178398824
84,3.4090909090909087,0.9995136287832679,0.11299916960494864,-0.08622611008810699,0.08599274257689346,0.025724521939670935,-0.06521853562424587,-0.08003136773678764,-0.16700113714601839,0.04595136152499371,-0.1629389161380711,0.14121250174123087,0.6223950784385606,-2.258533034568575,0.12202488145703479,1.169241918762372,0.13607265904337462,-4.462209933450717,0.5182214029116254,0.182047201049752,2.600390730929214,0.3308689474075432,1.4417327189041602,0.44140650747176,-0.039907533830170636,-0.39410054752869,1.0322202126093394,0.33345107026462417,-0.9554952949643727,2.400700339729672,0.46313137254911113,0.006953243764707798
85,3.4484848484848483,0.9994944368419472,0.10304372899971152,-0.15984709638125566,0.15958506180197524,0.05531267711767133,-0.15280047198268928,-0.10750312706050487,-0.09679454915551024,-0.08314049488202521,-0.15390009669817742,-0.09292626763568539,-0.05067052179522149,0.2509295610547059,-0.2387615591852618,-0.7252586894904297,-0.5613694042451862,0.7737783522195932,-0.002683059460458461,2.407989382950634,-2.1034104640285456,0.518540702960568,-1.792773603408179,1.0132774651206815,0.8594706915081729,-0.0035925842695321304,0.32553309062080715,-1.3287640555107827,-1.1397339655145189,0.34834036787920386,1.1125392984702644,-1.5200104172844018
86,3.487878787878788,0.9994915811476706,0.028424958995945004,0.08606256775434816,0.030749509851735808,-0.02136206019046508,0.16475391100728112,0.13120494778684028,0.14279766879867722,-0.09633816069192748,-0.0966017092850616,-0.03975679787634803,-0.060130872845882866,-0.77326157963354,-1.5698330667309903,-1.4068447996712097,0.1776077781607558,-5.49485069667317,1.1039134058231121,-0.04887345648982853,-1.8577428929980713,-4.125325729765375,-1.1683301517742637,-0.23927034106312373,0.36462869476531673,-0.19508738826794686,0.82266804056213,1.3163229054351908,1.2623540152362347,1.1058440044170348,-0.30944467878218174,0.48143566106824254
87,3.527272727272727,0.9994673486775836,-0.15019023697282607,-0.13454062606188516,-0.14061473381219444,-0.042116619377016114,-0.029203732690562957,-0.15455445951596103,0.15519224131385853,-0.09237734833963393,-0.048396559355429525,-0.0659629252900406,0.8764447102049011,1.074912027349828,-1.1667328469920735,-0.6627465649716666,-0.9062511975529264,-0.4394697494708042,1.6011731373029412,0.8418173243671937,-0.1616160410667788,0.6556347687082686,0.2003778741100104,-0.03519893017718201,1.4402721407913686,0.988366990231691,-1.4106817562159581,-0.829003604802268,4.9740118746321915,-0.6741112834308978,1.3150721130702079,0.3104862594547735
88,3.5666666666666664,0.9995390581945234,0.12891160255120637,-0.032658754255100966,0.1182892652033442,0.12999610876594814,-0.15429882992177882,0.1464818353748624,-0.03633608039578505,-0.026526538950860806,0.03981621696598136,-0.11242051102919821,-0.14392260381233044,-0.189651508101284,0.16721014002751686,0.228042788375038,-0.48295071285455526,0.017628482350805157,-0.4340323137900777,-0.6229828728144744,-0.27622990729198216,0.9694293278579689,0.18775056984191274,-1.789654069203361,-3.191134840716888,0.03450225699900535,-0.6710622996693503,-0.09808598051607809,-3.897915152946277,0.6502397082618043,0.15757090062979018,0.3716124191498249
89,3.606060606060606,0.999481367477682,-0.008493234859442072,0.16479958967059147,0.0033918409162801504,-0.08837466580365752,-0.12969633291059254,-0.15158397752851888,-0.11625832232752131,0.13817702812491417,-0.08325607641998964,-0.11259981734945534,0.1396228777938011,-0.15679283317358286,3.024536937812274,0.8523100775169399,-0.3284774471807164,0.35543920277173413,-0.10305169946473956,4.571283914576707,-0.1885670233468478,-0.08492085171207403,-0.10144541300807404,-0.3782343153860963,-0.052450799979028837,0.007735229344068281,-2.1119886629526885,0.029540030097499698,0.6525230002615534,0.12145498995343229,-1.5980195853840686,2.3689488887236836
90,3.645454545454545,0.9996362720818514,0.17813073439984833,-0.07596675671066153,-0.05385736629894812,-0.15556316254551705,-0.02664269062836383,-0.07264022597636756,0.10680488692951966,-0.035075238215808775,-0.027489198278663425,-0.15995586542225712,-0.005854312964904032,-3.123304926984643,0.39779606663739747,0.4428433507606999,0.22704876091350562,-2.8152654175477494,0.7345291365148366,-1.7522375981032017,-4.231525009290297,3.7954805096588666,0.15548263267827767,-0.1995702979765338,-0.7053293463353301,1.3398473164540312,0.40878790406987053,0.40452022810640587,1.3829075263480304,-0.3179550374959434,-7.2788536689538095,-6.308536155586842
91,3.6848484848484846,0.9995232159349736,0.1639812669528362,0.08878253300018062,-0.03519102902393196,-0.10132598699442026,-0.10376344483157121,-0.14773356613338035,-0.12296174280801031,0.17466925341003353,-0.04938189116423107,-0.055328248407797785,-0.3021725846267984,-0.32647333396896616,0.11209064193143053,-0.6728183472217908,-0.773188294860931,-0.4360603220542727,0.6355183330970919,-0.552449437757742,-0.27238010944913965,0.8566759914019755,-0.4917775134469158,0.5593800825908868,-1.4361928255343905,-1.2800607925852725,1.3421152436970492,1.3995433474792995,1.192024630987071,1.3205074653665774,-0.4253016319146323,-1.7004125692978425
92,3.724242424242424,0.9996196854036251,-0.05261965136965615,-0.04647062822649316,0.14830043864261064,-0.07424669979888082,0.14148430985632499,-0.022883260664887307,0.060230029231518975,-0.1001188204189725,-0.178627463597745,-0.12383025050648529,-0.7038841567833782,-0.005595720706770377,1.0528836359217184,0.8481286472100806,-0.22479554381869044,-0.5185023418795079,0.7371525926717453,-0.9936393870841196,0.06831847005443592,-0.21022635559616235,2.092088043144398,-1.0301794030976956,-1.2012682463434783,0.38354078971732924,0.3870533968758003,-0.6251737058551831,1.156155700286797,-0.003610991395131032,-5.569308426136203,-0.5771432248801207
93,3.7636363636363632,0.9995709339278949,0.015541438876297994,-0.1421891850756524,0.17530114132513708,-0.028112561592525405,0.0159248201669648,0.15291440922490518,0.039943325231551634,0.06754847746927707,0.02256173744183548,-0.0016872388819662992,-0.5241330406046905,2.0803135576400082,0.009531415127585853,-0.05399410285458714,-0.18784550254824542,-0.30935846220752494,-0.5310202387328253,0.22724012668722177,1.279851126333543,-1.005267865240942,-0.8247787790528076,0.006710929208583317,1.365549452076026,-0.3568658906223436,-0.11318669795816236,0.0856041338399677,-0.6362522531582296,-4.8816458225386645,0.1162295960900353,-0.6962705377440614
94,3.8030303030303028,0.999613519321192,-0.026947515654314656,0.022735589335646778,0.15573493909258468,-0.12653532289282313,-0.11919179149763919,0.0859931009418043,-0.03362836399746091,-0.1321876729999335,0.06561125198461623,-0.010767553754913547,0.3006733045974075,-1.0083524955430623,-1.2403774611215073,0.023200544363690456,-0.16186606823111574,0.3291272794826504,0.6842016470868333,-1.6182020467518667,0.5113956496305694,0.12926955363310033,-1.947286079171723,0.11684919087803632,0.15503650142809958,-1.2307985538478752,-1.3807367716616314,0.49007450351827575,-0.7697564951090698,-0.11149970582175153,-3.984177186632108,-0.7319195803359214
95,3.8424242424242423,0.9995071425560337,0.06565375268414789,0.025252249772404405,0.18698863770101135,-0.014798920133227126,0.1910519826384504,0.07832503380533228,0.014042634962678208,0.13911562100799796,-0.06569986670463442,0.19059101008924784,0.9216476739122504,0.08502774155284835,0.43960266373485823,1.3793534964449714,-0.3893026219532261,0.23290420599062556,0.2468991683918773,0.39284283161695455,0.775559938306947,-0.31017348588116445,0.4103847779843969,-0.8116312140673847,-2.1901513243792703,-0.78168057552955,0.1773079368091453,0.3277981501454117,-0.20250523266261533,0.36617343490586857,1.3846038176972213,-1.5796797210553994
96,3.8818181818181814,0.9995769044406628,0.17637041624550898,0.18799308234045053,-0.07534544528374253,0.006089527865117531,0.12355043011157225,0.10913594058205241,0.18826105226090337,0.05723774955239534,-0.09513056520049783,0.0854379242458731,-0.004539484059454203,-1.345436401653221,-0.1022009205170898,0.2818082668146989,-1.548808000481988,0.5849842929743062,1.1708729369356918,0.23424281885737885,-0.5523415757723313,0.06477623055755224,-0.7567923122323841,-2.2886319727140103,0.6263489721214973,0.32048278448192036,-0.5432682699812557,-0.18801540830362362,-0.733577032634084,-0.8307119386129866,0.25079902708276963,-0.6199912884920147
97,3.921212121212121,0.999239497476996,0.06592170094909193,-0.106596541522882,0.12137977023473398,0.11797308128551307,-0.10903090562476,-0.0989097172227312,0.023348383312420864,-0.1522303050968569,-0.07135636858301156,0.14992120056948535,-0.353155440171236,-1.0931263967273743,-1.9763342822107193,-0.44195702290792516,-0.11359039795816413,-0.4296352736297416,-0.3176127899720032,-0.8642490403469112,-1.8515769141421967,0.011050348895191018,-1.288326793693801,0.01874996238392699,2.1253434135416147,-0.5725024675652335,-0.10807933371195251,-0.993572285897707,-0.8969402264926486,3.499828637028277,0.5064843247336007,2.229258470737144
98,3.9606060606060605,0.9995411319872306,0.02658210339245256,0.1384680402735262,0.17098380515150352,0.02581774513985057,0.1886455558626228,0.06576755512077762,0.09344869452085887,0.19291547474955376,-0.0196254538311662,-0.16472750864836913,0.9176393827147449,1.1777511167362285,-0.6462623728578607,2.8217192311092782,0.818163660881077,0.6751894694044752,1.6737987779466472,-0.2383954707454436,0.5957760784867372,-1.8630651002572374,-0.08636260106409456,0.4610385495186279,-1.7032082361758016,1.5995844629323948,-3.2793712045959813,-0.38596196085232237,-0.6436895857431931,-0.01834201474900362,-0.2165553987348603,-0.027006776699091455
99,4.0,0.999549830192484,0.029325163575779856,-0.120950588498919,0.18966863806088044,-0.15475985380429202,0.17677948534213334,-0.15283890879252957,-0.09130279399615922,-0.17460743011336682,-0.13988777413169,-0.032158517963291854,-0.301226596162839,-0.2771676688862616,0.14277674230281076,0.3103614822591633,1.345727141435872,0.12218289012741329,-0.43664415045781885,0.14942615987285263,-0.2926249984756818,-0.16598719699898723,0.04908982738114798,-1.962598250544974,-0.4905296012926985,-0.37101161283782147,1.6908426610719234,-0.6639835722806652,0.3419115829737014,0.5938927601273998,1.2178566465269522,-0.9693796872057215
