,fid,tf,y0,y1,nuk1,nuk2,nuk3,nuk4,nuk5,nuk6,nuk7,nuk8,nuk9,nuk10,A1,A2,A3,A4,A5,A6,A7,A8,A9,A10,B1,B2,B3,B4,B5,B6,B7,B8,B9,B10
0,0.8743881332101076,0.01,0.0,1.0,0.0,0.0,0.0,0.0,0.0,0.0,0.0,0.0,0.0,0.0,-199.9999574706759,199.99995879553856,-97.8030508325187,-0.14138293974827415,6.250962560313202,-102.20942394701574,196.72610532626877,32.79468419521582,-2.7757440344640765,-126.01764461535855,121.513113559122,-135.1203644749146,-22.434995561214198,187.76252952839616,44.17544124461331,-83.77045544742214,-172.32990906136658,199.99989854214573,-8.26001350604199,-31.074747334240897
1,0.8744026200212011,0.0301010101010101,0.0,1.0,0.0,0.0,0.0,0.0,0.0,0.0,0.0,0.0,0.0,0.0,-199.9999947838035,-45.78058872191,-90.59009385300895,3.2527190941986266,17.6607491413886,-12.045664594775289,39.46199519451877,147.20798792966255,118.974881051942,73.83085482536283,170.41706630217087,-68.88563908151094,-45.84799366265415,-1.436724575406716,-171.70477950285732,-1.7681537148236532,160.40946401165766,-38.03686385002209,-88.24288268853053,31.735913972125857
2,0.8744319639614202,0.050202020202020206,0.0,1.0,0.0,0.0,0.0,0.0,0.0,0.0,0.0,0.0,0.0,0.0,-199.99999905861443,-29.496098896640937,5.788653958143068,33.91053818510374,33.09054659136262,12.841940066984899,12.60905020584812,12.050264500495595,19.8341440148074,34.54827598083607,60.59826183841414,-43.15082844461384,-15.671576830092118,33.83957269761141,10.307334660101581,-16.129726561173793,15.985480813977095,-0.7663777296791235,12.127226706495268,7.282201486318126
3,0.8744774406249401,0.0703030303030303,0.0,1.0,0.0,0.0,0.0,0.0,0.0,0.0,0.0,0.0,0.0,0.0,-199.99999987113756,-35.44173163672599,19.77982257612505,0.431866172680633,11.964657417274928,11.003257382345904,17.084198592637133,18.393675967624354,29.998671382069993,21.948801998621455,86.53393566051582,-33.82782820177716,-0.961606403093484,1.7899016492176651,-9.103819698610623,27.395776795982382,14.955085683287722,21.79619837752365,10.266528042570238,-6.60115266357327
4,0.8745422686074046,0.0904040404040404,0.0,1.0,0.0,0.0,0.0,0.0,0.0,0.0,0.0,0.0,0.0,0.0,-199.99999998467916,-94.48306647822164,-199.9999997748378,125.30068422544345,-33.628351450662684,28.40715444743688,54.994709828335665,66.081620614787,24.034575803744918,-42.42291587638104,169.9450767278609,-199.99809582779378,107.57645425606339,-5.026736309801502,24.849587681572437,65.58370278582987,-1.2918831531101385,60.474208790280855,-199.81329710357107,-135.44488037091196
5,0.8746219532595589,0.11050505050505051,0.0,1.0,0.0,0.0,0.0,0.0,0.0,0.0,0.0,0.0,0.0,0.0,-199.99999994179248,-59.003235750467844,199.99999971889966,-178.1904085244551,92.33476283562658,-118.40785641870018,88.64291533369288,-120.14072598964667,93.55368978584264,-21.513977459675434,87.37463417583433,11.038325577913277,-36.69419221410591,46.07319742594215,-107.86829556923107,128.154273348919,-86.92897416657264,108.54715920099005,-34.81871558750177,24.814846589534937
6,0.8747326105407789,0.13060606060606061,0.0,1.0,0.0,0.0,0.0,0.0,0.0,0.0,0.0,0.0,0.0,0.0,-199.99999994624565,-136.01456812775456,78.8448119554069,-44.34824957706737,125.63775263782846,42.6283183605452,0.8723379530525276,-182.24687115414724,66.53719182366395,-37.490952026495954,199.99999979839055,-71.27796971180342,42.458428000369246,-99.50196643012013,9.23695480272363,104.68195982501268,-197.73748050080133,104.23298661543033,68.19304135099934,71.30123137077761
7,0.8748632060280012,0.15070707070707073,0.0,1.0,0.0,0.0,0.0,0.0,0.0,0.0,0.0,0.0,0.0,0.0,-199.99999998835008,-129.55632723111884,8.570224779524784,18.926081394979494,144.81500608128846,-40.63362582773566,-199.9999997980057,-120.70264141448936,115.37373675202866,23.354109851059256,199.99999999381495,-60.27019965424099,99.39310245223518,-35.428913598235205,21.131299287309652,-80.69419640502926,-0.43138354332948986,94.53640057190051,28.649251594192663,41.556575250189105
8,0.8750213037204398,0.17080808080808083,0.0,1.0,0.0,0.0,0.0,0.0,0.0,0.0,0.0,0.0,0.0,0.0,-199.99999997562736,-48.04926529055933,194.11102407881694,-18.789033727918646,-31.80892219700722,-83.39589238033255,-199.9999999830945,-122.18023582313582,73.28642576288784,109.53587063554636,162.90230664610758,-82.06795299537663,-9.144678567550569,3.8156872135048463,-56.741958211730804,-199.9999999484001,100.63834795945881,91.80416779071554,53.06843638787954,91.0575097744743
9,0.8752237830070412,0.19090909090909092,0.0,1.0,0.0,0.0,0.0,0.0,0.0,0.0,0.0,0.0,0.0,0.0,-199.99999999207196,-136.8977084599422,134.29098449561204,1.875271756664335,25.27830250218544,-30.887751610321406,-199.30757861476,-193.75620192988592,65.25373747017206,35.2230309315246,199.99999999548314,-84.16205898413992,58.02885164936371,-7.673897428376713,-43.95290894948395,-132.61236819592224,25.61343233248039,59.76687062739702,126.78435342980998,155.14767701290947
10,0.8754590929478316,0.21101010101010104,0.0,1.0,0.0,0.0,0.0,0.0,0.0,0.0,0.0,0.0,0.0,0.0,-199.99999999421732,-104.25800027185244,199.99999977528276,-29.218715249192922,-14.509985466267834,-47.73838704215948,-199.3635511135326,-199.99999996517676,37.708011778127116,65.80500734116565,182.8084778652211,-96.87447688158457,-13.886810425537899,-3.6400516787087507,-71.21992237955656,-164.4654581698324,57.8282719141871,111.69975363097453,133.2010600661672,165.99737067907705
11,0.8757327687103803,0.23111111111111113,0.0,1.0,0.0,0.0,0.0,0.0,0.0,0.0,0.0,0.0,0.0,0.0,-199.99999999465683,-1.02556169656388,-117.0205920439269,147.34819473279305,-85.68753182008523,-9.743597477099271,-14.24058139722014,45.464755807602735,91.46891657860135,-33.35909323507877,199.99999999802253,-123.344120737856,44.50666147846398,69.52235234035233,-23.323028259952107,-193.33877084080984,199.9999999431514,-18.774323508561782,-33.43001199996757,4.2397314568941376
12,0.8760819398483608,0.2512121212121212,0.0,1.0,0.0,0.0,0.0,0.0,0.0,0.0,0.0,0.0,0.0,0.0,-199.99898596336467,87.07600942906866,59.68532101265278,-124.44759950247672,157.24212085510152,-53.95208515442824,61.07498883642235,-161.70516381844985,62.30240479439186,199.99929489862643,192.13589573157907,-190.82371188843493,-14.245013904741807,44.880536190866685,-189.9200134756606,-170.80019003635022,172.0275049545985,171.30549496411007,-199.4112018209847,-199.3356525575554
13,0.876476562414903,0.27131313131313134,0.0,1.0,0.0,0.0,0.0,0.0,0.0,0.0,0.0,0.0,0.0,0.0,-199.9999999869414,22.118118226690036,-171.78581195839004,93.0430519822702,8.587604101067459,-13.448277030942977,84.30384137443035,-0.5950341242995855,152.76070011018945,83.96215520997778,199.99999997772954,-169.66881400395854,35.27269745531623,9.607492961129733,9.807625913615038,-199.99999996206446,186.48729314429985,134.4310912967598,-199.9999999802201,-107.67980963597476
14,0.8768708193024393,0.29141414141414146,0.0,1.0,0.0,0.0,0.0,0.0,0.0,0.0,0.0,0.0,0.0,0.0,-199.9999999991657,-69.37368061990485,-97.8651359771862,-8.800050681509386,199.99999999115104,82.65639852584701,-29.71423680315401,-199.5735686886533,140.10636589249015,149.89948633805528,199.99999999103508,-75.949822237414,128.43282914028123,-6.43003405271742,32.389909208648255,-29.38893650946031,-48.23606895007141,140.04787079382956,-158.2496543317609,-199.99999999502668
15,0.8774667794846475,0.3115151515151515,0.0,1.0,0.0,0.0,0.0,0.0,0.0,0.0,0.0,0.0,0.0,0.0,-199.99999999840094,36.73905039162741,-199.81146130337777,26.45470298002757,145.4033457143005,-85.76618004012192,13.934820601994538,-3.4733031993388286,-4.495178107151307,199.9999999703076,199.9999999806159,-184.0460571976805,49.748232107995484,7.126824678497883,-22.532472389532806,-199.972807817731,199.99999986720636,199.99999997695886,-186.73892519957906,-108.13142208836916
16,0.878041944761372,0.33161616161616164,0.0,1.0,0.0,0.0,0.0,0.0,0.0,0.0,0.0,0.0,0.0,0.0,-199.999999996326,-76.5201803170224,82.32834499670625,50.74636140014274,-37.99953561059688,-97.20220305861386,-149.46783288173964,-163.6509293240603,47.77359761032095,-141.73760583028158,199.99999999984342,-60.02793315022841,-199.99993532069524,147.16336416812126,-96.65542194074985,-99.07958563115977,199.6141482801928,198.57127043084438,118.02757024573057,93.34493561617793
17,0.878814747051601,0.35171717171717176,0.0,1.0,0.0,0.0,0.0,0.0,0.0,0.0,0.0,0.0,0.0,0.0,-199.99999991796344,-136.21743563100685,-74.37821073280003,47.99886895776601,197.2529666744293,-199.99991020273362,-57.21993004699952,-94.13235974254945,199.99999982357463,81.85596392338721,197.12482047630482,-124.50836151628079,7.3815099307869705,14.583608861367843,38.34502417987054,-199.999998318282,173.70275193981462,168.8698167635673,-53.63775841638304,5.022595659755966
18,0.8796532288290921,0.3718181818181818,0.0,1.0,0.0,0.0,0.0,0.0,0.0,0.0,0.0,0.0,0.0,0.0,-199.9999999998908,18.123783863993026,81.83178426887204,-90.68473562764504,45.787931307256464,-198.95484377371184,2.768030219209276,-136.55313208232528,55.54694761350824,162.91338783162755,194.54528134862986,-199.9999999986699,-58.72814232745981,63.678845537884186,-199.99999998906293,-199.9999999925502,199.99999998839348,187.49423214826177,-75.89532244577435,54.01399284864649
19,0.8804490467642222,0.39191919191919194,0.0,1.0,0.0,0.0,0.0,0.0,0.0,0.0,0.0,0.0,0.0,0.0,-199.99825296199168,5.03417833683478,-74.23553390735908,-53.01767846508233,141.24942015554413,-118.56914474745923,65.56290507183844,-66.55968343263977,86.08837461673468,133.90038902362863,199.99937032649459,-152.65345601863405,47.28510835894002,-24.661248022626072,-64.01106843519365,-108.28494629093743,130.57499637851993,199.92754423802077,-184.93225749924414,-96.2056373783738
20,0.881719216083221,0.41202020202020206,0.0,1.0,0.0,0.0,0.0,0.0,0.0,0.0,0.0,0.0,0.0,0.0,-199.99999929174894,-46.30027583438637,140.92202453258818,9.150912646482562,195.79731127767735,152.9948538600163,196.893431898309,33.43022738194359,31.72997913549063,-46.8085786140268,199.99994444068295,-199.99999415885088,-163.42083846949365,31.2613669413916,-139.4201951627595,133.21909049472134,101.83332005161397,31.889104661996925,69.97576617143407,-86.44926375945272
21,0.8822130530045775,0.43212121212121213,0.0,1.0,0.0,0.0,0.0,0.0,0.0,0.0,0.0,0.0,0.0,0.0,-199.99999999992897,-14.964140059421688,-166.45116923523568,-199.7288803338157,5.505593358657794,-185.4608717147369,82.24783336348038,82.63741982382733,199.99999998751434,-53.133334251800235,199.99996233056115,-91.59422009031042,162.01040484102464,152.10820959665875,-63.04480038001222,-83.61140472002249,16.07419466448634,-158.4728139469562,30.10476932026875,199.9999999333682
22,0.8842214659040935,0.45222222222222225,0.0,1.0,0.0,0.0,0.0,0.0,0.0,0.0,0.0,0.0,0.0,0.0,-199.99999921811605,35.249290253964226,29.287104964328563,-12.28368446201334,-33.37421717357967,62.75008215191087,77.50133420912678,-27.01736046104747,71.48410544259062,148.19005032105937,199.952491556024,-199.99999999130026,-199.85038845852893,-15.725751779618658,-52.6856178257493,117.92962893609437,199.99999992010314,26.882841059448744,-14.36527260634359,-53.564365567011116
23,0.8863773772603707,0.47232323232323237,0.0,1.0,0.0,0.0,0.0,0.0,0.0,0.0,0.0,0.0,0.0,0.0,-199.99999999989723,-191.13276868767883,82.15745932496411,-136.73754300353045,107.16513231785686,-16.792433282642527,125.4136123722241,-199.99999999790478,164.84462671253502,65.47353684135045,199.9999999987537,-199.98025794854325,-199.99999999905964,-40.41736519059509,17.44879843351777,-50.07887715395203,179.0113247932551,39.67638897619432,59.195443936387115,69.68704640749739
24,0.8874367782952518,0.49242424242424243,0.0,1.0,0.0,0.0,0.0,0.0,0.0,0.0,0.0,0.0,0.0,0.0,-199.9999999996305,-14.70762096500383,-34.2618387224709,199.9999999934051,18.552091982885308,64.89600326597585,119.880558285647,-20.51213021939484,-0.8485945343556426,150.64302206736457,199.9985766786315,-199.99839912915652,-199.99999999105134,24.31767400794866,28.112087534968133,158.16216476260152,-45.491072965271556,115.65354003335209,-44.81462925970504,-146.61130082780576
25,0.8897415900587192,0.5125252525252526,0.0,1.0,0.0,0.0,0.0,0.0,0.0,0.0,0.0,0.0,0.0,0.0,-199.78991589875594,-175.869817113935,-109.3782480807895,197.142271513639,49.05864293209052,114.6763971714199,37.62326643091734,66.04787795904207,149.99634794142452,199.99999999279558,199.99999999763875,-199.9999999924713,70.33457368703317,-34.90153591218309,-199.9999999915035,-107.87640380799157,-82.58579966688302,-34.702384069905456,19.92867609236577,82.15476455235279
26,0.8915980367660219,0.5326262626262627,0.0,1.0,0.0,0.0,0.0,0.0,0.0,0.0,0.0,0.0,0.0,0.0,-199.9999999998167,-55.73080077790217,-46.91564169791248,199.9999999898562,20.17220497342804,38.83623839191418,107.13878094485673,-71.2010216825469,46.242657486976384,199.99999999315224,199.99820354019457,-199.99319360178478,-199.93563006071747,-9.239122074062974,-3.946116149050492,108.63125998882124,-14.803606817769591,98.39143513621441,-20.38065304290846,-46.39086614535493
27,0.8939683255416173,0.5527272727272727,0.0,1.0,0.0,0.0,0.0,0.0,0.0,0.0,0.0,0.0,0.0,0.0,-199.9992592834826,-94.84760536956186,-66.39629757703052,199.98768235291848,35.605848479670044,58.951685906071674,96.21766410172265,-39.259338586131285,81.44971103998256,199.99986168926344,199.99994443626755,-199.76774308801805,-109.85111684236976,-25.55083091578777,-88.4024067732176,44.639997597012645,-37.42069761128581,49.9175226571306,0.5965923666953717,2.768295717305866
28,0.896729538272806,0.5728282828282829,0.0,1.0,0.0,0.0,0.0,0.0,0.0,0.0,0.0,0.0,0.0,0.0,-199.9999999989886,-104.93749080081973,-32.036595412990174,127.11129811640353,82.48538427421762,91.71441338981694,145.33548280582596,38.13088560849465,45.793833499043565,199.99999998934874,199.99999999716798,-199.99999999713492,-197.14850269060847,14.913855264675398,-173.2254163192036,199.68634175175023,-32.70689260151709,78.19426271992114,4.0397361059530645,-119.60653983381275
29,0.8994601015410455,0.592929292929293,0.0,1.0,0.0,0.0,0.0,0.0,0.0,0.0,0.0,0.0,0.0,0.0,-199.99999999969276,-149.34493448955453,-108.64301173839354,199.99999999608946,79.04774390470016,47.272573866139545,113.97378953438327,-60.353390998535275,150.86136284064708,199.99999999664416,199.99999999982057,-199.99999999613584,11.197457839312753,-94.96736730761852,-188.21929063591043,-71.8522647678078,-17.8578707152609,-28.074015140837982,50.848309079797616,105.3916713783614
30,0.9016766594911605,0.613030303030303,0.0,1.0,0.0,0.0,0.0,0.0,0.0,0.0,0.0,0.0,0.0,0.0,-199.99999999967218,-67.63668710404059,33.6803886030052,199.99999999827585,11.93177007594048,84.49753515448903,61.49919705733232,42.17697792948451,35.56438117409137,115.82441577214144,199.9999999996591,-183.7941834233986,-195.61129133172352,32.24431758053569,-84.93645846195997,124.22645829225782,-36.365077329398,135.0948426142769,-39.6974545737898,-135.33969506966696
31,0.9051720065144244,0.6331313131313132,0.0,1.0,0.0,0.0,0.0,0.0,0.0,0.0,0.0,0.0,0.0,0.0,-199.99994866901432,-131.4357193284513,-56.5766856357863,199.99998380280206,72.99473785151834,64.27614236464103,81.04875309626259,-25.757508200645866,139.5205033104674,117.85598566633564,199.99999957044147,-199.99999975153912,60.082639684284146,-102.12260884241661,-199.99998790875293,-124.19771889184344,-17.014489547343917,-29.136879132841358,45.177547394516644,89.87073550489647
32,0.9092839945812083,0.6532323232323233,0.0,1.0,0.0,0.0,0.0,0.0,0.0,0.0,0.0,0.0,0.0,0.0,-199.4123283631213,-179.22446794757363,-92.94305901696727,199.99999990572653,85.77629027303836,21.51501579348813,104.57442808213992,-93.95841757223292,186.88410125032468,190.5481885278732,199.99999998025532,-198.3227913998301,14.903342883380198,-154.39675780195878,-174.37108466981667,-144.7323444355953,69.97849495823054,-33.608775245193,59.08432123984639,143.03877731830943
33,0.9125363431360632,0.6733333333333333,0.0,1.0,0.0,0.0,0.0,0.0,0.0,0.0,0.0,0.0,0.0,0.0,-199.99999999893416,-158.05719148497556,-153.90349889023787,62.01293601231738,75.07785826828379,48.39489677022584,85.99188406533253,-31.4148891046325,174.3783279766347,199.99999999605566,199.99999999975262,-199.99999999799394,60.97087581917826,-78.85255173630252,-199.99999999699475,-115.17358007275776,18.0817785331913,-74.33463621112956,71.59990669802673,195.49329533039185
34,0.91441778716288,0.6934343434343435,0.0,1.0,0.0,0.0,0.0,0.0,0.0,0.0,0.0,0.0,0.0,0.0,-190.485481414813,-170.44411859786055,81.12682846922259,136.52735381666892,31.400446797610968,55.17213814172042,84.88617817979207,-67.72153125272577,199.99999999797797,124.08928716283076,199.99999999991527,-75.44676732343903,-2.8090537248359526,-199.99999999429699,-199.9999999987176,-108.42135340565574,22.379110454049993,-9.897419892001883,60.319655882140765,86.34573102739913
35,0.9191476867927719,0.7135353535353536,0.0,1.0,0.0,0.0,0.0,0.0,0.0,0.0,0.0,0.0,0.0,0.0,-199.95905041957315,-159.90163013221368,7.957961046164797,199.99887107781524,14.531611836992404,36.99871781954115,55.77569404960255,-28.100793048092513,182.40110272146597,78.92267820836263,199.99999460667007,-114.37344645422809,75.37037376061721,-193.1799649469077,-199.99981898018484,-108.20885620996827,-9.88340375347573,-17.116285792429508,34.73388378290124,97.14955956876433
36,0.9185853987885547,0.7336363636363636,0.0,1.0,0.0,0.0,0.0,0.0,0.0,0.0,0.0,0.0,0.0,0.0,-199.99999998954226,186.7594993744531,128.7293445829689,16.80085431270154,-63.673967531012565,-50.721434938880584,47.88291101293134,106.57039187394793,61.65446577882328,28.964829355715814,173.4179701467964,-160.86902986213312,-199.98831681312265,-12.877249804454136,-192.41887050822356,199.99999999961875,82.78633382572764,-15.757375645924935,-128.26930458537717,4.913650304524452
37,0.9228981133383826,0.7537373737373738,0.0,1.0,0.0,0.0,0.0,0.0,0.0,0.0,0.0,0.0,0.0,0.0,-198.57584812047753,199.9999999979996,100.61336865363893,95.91918764710098,-69.54917178805178,-42.113560633490145,45.306736511059746,172.10017388673555,23.36690331276876,31.28276795808722,186.4330342744965,-159.6270616778318,-160.2252175335531,-16.236852754433137,-179.37074301499337,170.46017144902615,121.1733235177419,-113.29287269636136,-196.2537110375797,-20.28937482801698
38,0.9272395268370252,0.7738383838383839,0.0,1.0,0.0,0.0,0.0,0.0,0.0,0.0,0.0,0.0,0.0,0.0,-199.99999813535828,47.07457549096122,52.639674266060936,159.33773548514262,-53.28288988736515,-123.46066167293824,-96.7046605749732,66.24022560712034,4.256536761872765,118.96281648456608,181.28701779288446,-110.11178993220676,-80.41567305980047,11.863637656427903,-87.61207063382491,-0.7844305178150072,101.55927351263583,8.405220768404737,-29.248359475951737,-82.84113159760048
39,0.9288566981233922,0.793939393939394,0.0,1.0,0.0,0.0,0.0,0.0,0.0,0.0,0.0,0.0,0.0,0.0,-199.53960159678783,80.00869389508077,-1.867991261852402,65.78179054851867,-132.186622205551,-56.26700568911388,-1.4644261493397313,85.98751581776854,-4.420654822167905,54.27077116837814,174.57090229462673,-38.14046327875187,-68.90055059309901,24.631689559392875,-62.16824526204738,44.68327821570933,199.87648506313485,-21.279059235573673,-49.18201008073704,-162.3848910612953
40,0.9413656046432736,0.8140404040404041,0.0,1.0,0.0,0.0,0.0,0.0,0.0,0.0,0.0,0.0,0.0,0.0,-199.98921482414647,-199.9998450117011,-25.80206615835417,37.538080061087854,-122.54882632656489,-24.523265185852228,49.812214284825814,8.464742742671433,99.54016687367839,65.13464872022728,199.9999409717615,-165.03656187889612,13.09366666549567,-20.325744676546655,48.68050746185536,81.26483916378668,-9.879395492641175,77.40585902581596,23.840050862519085,-95.14055938368087
41,0.9413439692589671,0.8341414141414142,0.0,1.0,0.0,0.0,0.0,0.0,0.0,0.0,0.0,0.0,0.0,0.0,-199.999999999951,-8.868040599243649,-12.245624919040113,142.1087854644135,16.20984991433875,37.711955491203646,3.2914247382185238,171.85595717730658,-68.14030736661798,-70.09671260588198,197.7993847999747,-35.85079781665518,-60.24696102556686,95.76135273832537,-60.964369078053934,-49.27228965786532,72.12324953315742,-61.8586041379822,-85.83293350191751,-66.04735593490626
42,0.9478327039825314,0.8542424242424242,0.0,1.0,0.0,0.0,0.0,0.0,0.0,0.0,0.0,0.0,0.0,0.0,-199.99162409903877,-56.512458909113654,8.378241570612824,35.68528566921408,-106.78741767901911,80.94074064987622,-16.865096006462796,-138.1379297140833,-81.54182100504235,-29.235602151175875,199.9995995200599,-85.41677811672358,-56.68280755657916,23.316012826156655,91.74838734478578,4.410475573651552,-10.482887314037985,12.744545720788926,93.8068162664161,77.67248951012043
43,0.9524385956803509,0.8743434343434344,0.0,1.0,0.0,0.0,0.0,0.0,0.0,0.0,0.0,0.0,0.0,0.0,-199.99999878555113,-105.13977461711661,54.29896616771757,101.6425338744933,-7.237283967419872,7.422511331889227,-49.47915794813426,-167.3366805984202,-69.00570333847195,-17.912431193860698,199.99996391253526,-97.48608823957377,37.53194609128631,19.072265187582524,-18.999567537282484,54.102886910024104,48.34826956857691,1.8286640325394852,100.31077940888687,86.84209041437653
44,0.9575188375363696,0.8944444444444445,0.0,1.0,0.0,0.0,0.0,0.0,0.0,0.0,0.0,0.0,0.0,0.0,-199.99999999992357,-155.9019657121812,70.07495502886762,59.41155891595663,-94.10362050750442,-11.644927672152154,36.80627831337085,-124.56789649360371,-17.382665540405313,-14.597999303017861,199.99999996206037,-44.606909012409325,15.671044732408337,2.596687908195132,11.348313746542994,95.67824738270559,55.26381251120658,62.59451026361678,102.63185673721289,26.850111136750417
45,0.9592117664131631,0.9145454545454546,0.0,1.0,0.0,0.0,0.0,0.0,0.0,0.0,0.0,0.0,0.0,0.0,-199.96778274352363,-60.81129205570991,23.837704633114566,50.50514070894634,-35.65943350529013,12.134785089704856,-28.09309453972016,-120.27644979684585,-12.06460515570524,-0.1774125206709764,185.0418753998404,-65.13011102408095,7.964530809854031,-20.760418192525634,2.5136430801953686,-10.93927083563329,-7.1861690371106635,10.744545297726399,55.42297683922559,126.23003667056058
46,0.9481839374782143,0.9346464646464647,0.0,1.0,0.0,0.0,0.0,0.0,0.0,0.0,0.0,0.0,0.0,0.0,-184.87504856287725,33.8762107007127,20.58625970496894,-60.18871164508434,-85.79626126447876,12.582730116708454,60.71312098240544,33.45145962539852,184.15182031435046,8.645856623177977,117.94204565059789,21.461140834132383,-72.85324627500941,-95.83594620374262,15.394639429470526,-86.32500371409306,-95.7941765871616,82.7888961642026,-7.525443255619523,72.34610576549288
47,0.9450631852826372,0.9547474747474748,0.0,1.0,0.0,0.0,0.0,0.0,0.0,0.0,0.0,0.0,0.0,0.0,-171.14793114525267,-14.793361006609391,-43.87532754110095,-80.84722473188359,-154.65569349375235,39.92491074870268,170.5950684326855,166.6942365909911,199.9714637850396,-55.57328641729789,91.54957269450603,33.416945803219875,-17.215305235982417,-114.92372465538993,92.71541623673636,-18.397192026934494,15.889193888255004,105.48410738502773,-69.02318691596332,-79.0538334462745
48,0.9483182635855767,0.9748484848484849,0.0,1.0,0.0,0.0,0.0,0.0,0.0,0.0,0.0,0.0,0.0,0.0,-177.63334535707097,14.247822041802353,73.19750599264023,-29.497161392517352,-83.37290086588345,-11.87554236035532,47.705637281497026,-94.12843180294497,168.97507894213277,63.525826501128165,94.44523526636658,85.9718092095187,-67.09266462432883,-130.28518124812172,-11.699891083049742,44.832529179886464,34.175728743904415,68.1719963669019,-38.461656574919424,14.222781498071674
49,0.9601649945663002,0.994949494949495,0.0,1.0,0.0,0.0,0.0,0.0,0.0,0.0,0.0,0.0,0.0,0.0,-154.72801909124826,-115.70955375663064,5.998015859619284,58.00786690204648,44.41004039629785,-41.124896259664666,3.712028561212538,8.802487413588322,-50.12084645524939,-6.578193750519285,126.1219300335292,-83.29203114066762,65.90334446023675,40.21197233419536,69.34659172434951,43.381384696001206,41.71339038116343,13.923694426480683,0.9581333248962522,6.899904412215864
50,0.9809604717500543,1.0150505050505052,0.0,1.0,0.0,0.0,0.0,0.0,0.0,0.0,0.0,0.0,0.0,0.0,-199.99999963937532,-1.2693415934483199,66.10402995397465,4.480605323084954,-21.809261429256214,-59.47631057639599,-10.25139630296231,-21.1765961501217,-3.5696322435917094,-68.18442582130625,199.99999999986028,33.7313289354783,-14.66939669310254,7.467794023579652,46.193723763972905,55.11133006576147,20.238966275575123,39.59921277670922,-33.05582892686417,-31.540485858664127
51,0.983775373932784,1.0351515151515152,0.0,1.0,0.0,0.0,0.0,0.0,0.0,0.0,0.0,0.0,0.0,0.0,-191.58337008939165,29.287801111931792,25.80520262545819,10.34871917148458,-43.85143396874697,-47.957618674563214,-26.245287509237375,-19.264583387446585,4.716348309957748,12.68126920261941,199.9962605789001,8.676390124887792,19.682595502875678,-0.7061148901880653,33.050569054241954,2.6246817457018383,-12.54294186197121,-16.105522566092432,14.35303136153267,4.424465316009241
52,0.987491188955333,1.0552525252525253,0.0,1.0,0.0,0.0,0.0,0.0,0.0,0.0,0.0,0.0,0.0,0.0,-186.52731185861367,0.2440673932195877,49.078520016873405,-4.39789096697162,-48.581432716550054,-53.549816139322544,-13.666898480402836,-17.57047898847803,11.348240405616512,-41.69971260449951,199.99999999998246,31.60166855754253,-1.889392256080698,-3.8208886809955556,38.53166533921938,33.548550822199225,-0.9114184760766401,30.22928101274077,-21.18460165024256,-9.833081079225508
53,0.9904198926070277,1.0753535353535355,0.0,1.0,0.0,0.0,0.0,0.0,0.0,0.0,0.0,0.0,0.0,0.0,-183.75014602650035,22.473778701279176,37.776719093848676,-19.27461013652842,-74.53762690986679,1.1838873332233757,-46.7287121231439,-131.3505778553286,15.238802248942918,10.633712658234208,199.99999999993204,53.23706490120426,6.535353671093212,-43.37261303586978,15.230302114795297,-20.631231586664192,-21.82151710653236,3.8367643596750654,16.273147698853368,38.6845698759479
54,0.9933673571948242,1.0954545454545455,0.0,1.0,0.0,0.0,0.0,0.0,0.0,0.0,0.0,0.0,0.0,0.0,-156.20755396518396,-70.3484694646941,16.184114213433325,3.4134590951574175,-85.37266572710935,-8.974216706760965,-5.6909023661278875,-85.46965269483465,-6.607802269841615,21.58796337602236,199.9999999999927,-6.190626800794263,-2.8743237907022046,-13.992927587415364,45.1038877731683,25.300483323732475,11.000796223182007,48.278624174688,22.375496776547376,-4.044152460307418
55,0.9925378119469306,1.1155555555555556,0.0,1.0,0.0,0.0,0.0,0.0,0.0,0.0,0.0,0.0,0.0,0.0,-158.87874331128998,27.031088671536764,86.30585109027405,-26.50610220672735,-17.441130051946846,-41.27977999948362,-40.37290332937663,-97.54582743138842,-63.74686203009125,-11.323021810082894,189.13376902394324,13.282278610764722,-14.883254739874497,49.73799042424342,47.16988653477351,17.532518985105956,20.02372168975589,-39.77194258172174,3.029901535410057,14.596916316573266
56,0.996284020845818,1.1356565656565658,0.0,1.0,0.0,0.0,0.0,0.0,0.0,0.0,0.0,0.0,0.0,0.0,-165.18578700174896,37.02176846624982,68.9082348930426,-27.280553780357113,-20.51891807017538,-24.70814275137999,-51.43853690458643,-65.0435409543074,-42.835366628083726,-71.50056458388647,199.99999999981418,26.001591951357156,-13.420449024525169,27.215355346213638,42.30845330954074,40.25302885936069,9.774612372085079,9.114362495948457,-11.807633724961912,-33.91525672682038
57,0.9966800328304032,1.1557575757575758,0.0,1.0,0.0,0.0,0.0,0.0,0.0,0.0,0.0,0.0,0.0,0.0,-142.06469107237461,1.835224523264056,37.84017974419138,11.173042202697474,-29.527500035127865,-41.71906723021938,-45.15939597619361,-37.53642323090352,-13.69301796886665,-29.009618668411566,187.4097507490772,-5.9389135021666055,-9.152549493105534,13.44753741527581,37.66614586070941,38.936347605058764,20.022946381541555,21.23952870795136,7.205962981828696,-22.041435030493876
58,0.9964334866054855,1.175858585858586,0.0,1.0,0.0,0.0,0.0,0.0,0.0,0.0,0.0,0.0,0.0,0.0,-121.71487152668556,-32.62886518169524,32.0857298692469,16.76581513829231,-63.70621732996183,-42.56058816828769,-17.358966280863683,-53.72481025920331,-2.2303733917613235,3.1795776679762886,170.5396380153497,-20.181164668903875,-7.503767939081557,9.139004561003212,32.085837963863995,33.720101461592044,19.052573485869242,33.5281663450069,7.2212015418604185,-9.301702736695285
59,0.9991224367803198,1.1959595959595961,0.0,1.0,0.0,0.0,0.0,0.0,0.0,0.0,0.0,0.0,0.0,0.0,-146.89819080773114,42.55425219781421,71.15440151046984,-23.960689512192605,-25.838625481863712,-39.31770247016229,-59.53673073103166,-74.80845243349515,-55.54152717211132,-51.94243854904009,197.37283374569165,19.463560055535716,-22.257091745156885,37.65901485003449,41.728135640669215,40.64267143016549,6.361798438696568,7.9646373235755,-16.48267492720619,-4.991420204106716
60,0.9982816842423422,1.216060606060606,0.0,1.0,0.0,0.0,0.0,0.0,0.0,0.0,0.0,0.0,0.0,0.0,-123.06008924814175,31.541420600955185,37.78280727941321,16.95717214307941,10.633535672940512,-36.29948942440729,-63.91205807288301,-16.869691893572295,-23.34879024114559,-63.55583169673382,168.34539665871648,-2.5631816399784215,-17.094276999650532,19.842656188741614,29.09727229056475,23.692042794088238,19.20135493731622,-3.037063378027976,-11.995423039664681,-20.811710951574256
61,0.9947785632269757,1.2361616161616162,0.0,1.0,0.0,0.0,0.0,0.0,0.0,0.0,0.0,0.0,0.0,0.0,-99.13029084186964,-25.034163780730008,39.91116386639027,14.366869740568665,0.2530743119217363,30.895951034233438,-55.99929304436801,-43.59298741963682,22.014373570794394,-39.41295610415932,126.58511668579818,-5.818815628582672,-16.314744482155675,13.854418707851982,25.748684746270012,-7.977258271967918,0.12812700808406582,45.72859343018555,-12.629992008946648,-33.108464310167875
62,0.998991342804216,1.2562626262626264,0.0,1.0,0.0,0.0,0.0,0.0,0.0,0.0,0.0,0.0,0.0,0.0,-109.32584424016405,5.783745421715535,45.00510845390961,-42.99872449132458,-17.69514694288544,29.40373869229548,-38.94533749607645,-74.70131669537562,-61.60311195381648,-48.482736353508784,154.05191656581746,-3.008321336191072,-27.091750162867342,38.61709175832719,38.47218946375964,35.700552970518395,-2.1200637994156293,12.476249456037,-10.360588649725115,17.118731682421718
63,0.9993400049231338,1.2763636363636364,0.0,1.0,0.0,0.0,0.0,0.0,0.0,0.0,0.0,0.0,0.0,0.0,-129.81878262541477,42.74469502137925,98.2195966203093,3.210265545073592,3.2739995461985405,-0.8979496093240454,-61.18343305254311,-99.62632036297585,-74.46934814085898,-81.67443762187987,154.79269183718785,84.453833765325,4.9930234058335055,1.8538004324391069,21.046635796544173,-29.51883838951074,-76.02471829167457,-96.27405453557382,-4.068184568023686,32.18326892403008
64,0.9896083645137909,1.2964646464646465,0.0,1.0,0.0,0.0,0.0,0.0,0.0,0.0,0.0,0.0,0.0,0.0,-74.66711589011167,-16.53769315774363,30.186415014359056,-20.014444546990934,-13.53270447048992,3.83464127131122,-8.495615727848012,-52.72041349319633,19.344103811983594,16.091131333668745,86.29777980584588,-23.623585072005824,-8.285105863170054,15.560552570812579,-7.933756956211749,33.29007724599669,-3.9571507823446392,6.66632189441567,23.1312487062531,-34.42382499745905
65,0.9936329171467708,1.3165656565656567,0.0,1.0,0.0,0.0,0.0,0.0,0.0,0.0,0.0,0.0,0.0,0.0,-75.16925745175415,15.157212673209226,-4.531482084442925,-17.475344920466167,-42.81586902513713,12.275786500703656,-24.92385721685985,2.3931541434570476,8.388269521321536,-31.164956426390226,95.34500490404376,-31.562224733993354,9.472194361450363,23.237411116772503,-1.8164596616796609,-3.232126148122664,25.45200341042197,28.47084188222645,26.195836390698375,-22.861133228707907
66,0.99926537340798,1.3366666666666667,0.0,1.0,0.0,0.0,0.0,0.0,0.0,0.0,0.0,0.0,0.0,0.0,-76.5850673025091,11.673032421114167,-10.236356708629122,-14.57027499202564,-37.75492093230511,-16.880336382081225,42.12720706210849,7.808923244287464,-26.375766486464084,30.513416765103138,122.55717383564671,-21.089317900171814,-52.41687631066566,2.842534662450284,29.93826658515218,19.615144813924612,-6.154708941720048,22.471758406346893,14.361837333115135,29.793413913253033
67,0.9993067721430609,1.3567676767676768,0.0,1.0,0.0,0.0,0.0,0.0,0.0,0.0,0.0,0.0,0.0,0.0,-73.31510225607579,25.964429613111246,-22.46663659948615,-20.877710650387996,-48.17110044822833,-21.014459430199313,23.516432547846563,-49.63581267889453,-1.1088212383004477,39.6677512730674,117.35492285181127,-20.45639623249037,-39.237385130613,-33.78053219040472,31.984554089526046,11.475113586164127,20.11426930715956,20.575284504020786,25.003495234662758,32.42050481211232
68,0.9846463426208012,1.376868686868687,0.0,1.0,0.0,0.0,0.0,0.0,0.0,0.0,0.0,0.0,0.0,0.0,-72.460999894788,49.11883069263691,-35.92315966937944,18.670346747759545,-11.795388146233478,-26.914945691371532,-10.334356133313777,-46.059438863948074,-10.600567608791744,21.21429682825724,62.500062812917584,22.650776887205613,66.64610459090677,-19.94780012402614,10.651139852278009,32.14886024149329,-1.5076914869647062,-56.92898914442211,-19.917396143812894,5.322235337507304
69,0.9970789645946724,1.396969696969697,0.0,1.0,0.0,0.0,0.0,0.0,0.0,0.0,0.0,0.0,0.0,0.0,-66.14532423472545,-15.428711531266725,-52.67027022800889,0.4235067697632785,-22.893276721341124,-23.85295337431163,-44.62177795111646,-63.22463757852178,-24.984905402735308,27.367557657201935,81.46824725286237,-6.4697401666278465,35.2704175019038,21.39482610806911,1.6088348604088079,12.470305113597341,42.113453678859415,84.16012677052208,21.836416391092207,-24.452345263134458
70,0.9936506961590055,1.4170707070707071,0.0,1.0,0.0,0.0,0.0,0.0,0.0,0.0,0.0,0.0,0.0,0.0,-82.33096483832134,92.72227017883938,5.196892571498434,-10.281363373244352,-27.96850718261826,38.021131290434376,-25.58357383117119,-44.29668441438375,-2.0188068885280384,-15.501771943894035,78.70657273165124,63.64532928982541,17.252903127522494,-18.71296905263622,23.481910109235198,19.805285138401118,5.278979689210151,-45.18751658582161,-34.64230410676564,-34.24612431710219
71,0.9967317818211078,1.4371717171717173,0.0,1.0,0.0,0.0,0.0,0.0,0.0,0.0,0.0,0.0,0.0,0.0,-66.81829747713635,11.394535589005034,-35.84035100523456,-29.074740793843468,0.687375091417656,-43.71667653233554,32.276003328938245,18.262628203577684,64.00996415814332,16.792282597172317,69.97570604853864,52.791412044538205,15.42268970118623,-19.468012711361204,-30.65531634287705,-61.846707381277355,6.442436147725558,61.160761687882896,-19.762906592033683,-68.9844699568811
72,0.999407918560841,1.4572727272727273,0.0,1.0,0.0,0.0,0.0,0.0,0.0,0.0,0.0,0.0,0.0,0.0,-59.02562356442517,-32.33774242724746,-49.17442642995927,-12.440684556706476,-5.9053274000349845,-17.5960507580737,-10.77887170424079,-1.5824808405191677,-1.5439667477595242,5.955276027811252,80.7423498525952,19.455241735698543,1.5026353149650544,17.936516546248164,5.327411181706303,-36.63105317286591,-32.374491850498615,72.0216980178346,37.3414272085717,35.67389333078343
73,0.9971858784202526,1.4773737373737375,0.0,1.0,0.0,0.0,0.0,0.0,0.0,0.0,0.0,0.0,0.0,0.0,-45.11541439952551,57.221199089154,26.123310555489418,2.271735606322883,-9.895300799751524,-13.825740842208228,1.0941758927466478,39.29368233966452,45.136486032532844,-17.45393536918848,74.05441868714315,-40.819615289936436,-0.2442860443617192,6.527978307475467,-47.753550272843874,-51.336822657819994,14.34278854130518,12.69858142588962,-4.057607708593594,3.4108476835959367
74,0.9967890488861892,1.4974747474747476,0.0,1.0,0.0,0.0,0.0,0.0,0.0,0.0,0.0,0.0,0.0,0.0,-47.39500444077854,34.365892377530066,16.236987428722408,-15.01907353962416,-13.356094308197914,-26.966886860906335,5.8893752017229595,42.47870249132454,43.74147571228124,-26.280363969623345,65.52277717822872,-20.806570687766822,21.15120097700801,18.367291833270087,-38.433093570579295,-23.967706967393912,-4.944611047515133,0.5875151645776853,-4.795285573229503,-2.4460991858494925
75,0.9994183872694545,1.5175757575757576,0.0,1.0,0.0,0.0,0.0,0.0,0.0,0.0,0.0,0.0,0.0,0.0,-62.569936308717416,-2.3974143237047754,-16.21233342730142,13.658510644301776,-8.321940289236007,-47.35238195041051,-10.556655576800479,-43.99730382614199,-37.724171056342435,-8.62172091988118,72.47314158722962,34.13575462959016,30.42048747931645,40.752818355203104,17.446757587850175,-26.621388088039254,30.91202820964759,0.5606652926598796,-11.396748864750894,-27.997227222003886
76,0.9980478297705977,1.5376767676767678,0.0,1.0,0.0,0.0,0.0,0.0,0.0,0.0,0.0,0.0,0.0,0.0,-32.009060481661265,31.346956948039573,19.144897962990218,-5.241318584249746,-30.862443940703045,-14.341890489956217,12.457705634762796,4.603491256644883,8.694589489118682,9.013983048482048,61.90025787358364,-46.38186896465428,-17.714585355983875,-18.761623747188636,-16.018982371768818,-43.37794782973311,-2.315251829441486,9.940893909097978,13.790043411264358,33.03941907878981
77,0.9981749574939197,1.557777777777778,0.0,1.0,0.0,0.0,0.0,0.0,0.0,0.0,0.0,0.0,0.0,0.0,-27.140873597516897,25.035412232389778,-38.74939679739481,14.08829052561857,23.887844048943336,-10.239787272814032,-17.520147588163542,-31.094311667305586,11.383555349358097,8.656394476740656,56.73807134286396,-49.11173393691274,-30.344810479514283,-31.04784070578966,-17.736785055680045,0.1484419462954855,30.529893857146792,3.2959808477574795,8.618857384740991,16.180024659172588
78,0.9982895677898377,1.5778787878787879,0.0,1.0,0.0,0.0,0.0,0.0,0.0,0.0,0.0,0.0,0.0,0.0,-28.16514631669337,-10.514377325026125,-10.880259414323282,9.14084811773836,-12.959072856597576,-7.0338297604643225,-2.96015812856958,2.432484927661889,-2.559903931538484,-21.129851065064358,52.42366202206469,-42.05492827612106,1.5218849535756964,12.311687315966605,-5.4765068644885035,-42.82217451054784,23.299463342700847,24.549305379691752,2.9741962821109493,24.040618109536187
79,0.9958460672244445,1.597979797979798,0.0,1.0,0.0,0.0,0.0,0.0,0.0,0.0,0.0,0.0,0.0,0.0,-30.741759308907316,-25.69968710600549,-40.666174159257785,11.56106890515443,-18.847898586944215,-27.833205508917658,-11.588152061188795,-41.613235954015245,14.182809768911463,17.45183949394369,38.32208947408811,-0.2527509295358841,-16.926571515463166,-26.338679044312556,17.862255427127007,32.20705233931531,22.98489795786624,-5.416759714298935,48.12916231334944,3.434472169717268
80,0.999425310367226,1.6180808080808082,0.0,1.0,0.0,0.0,0.0,0.0,0.0,0.0,0.0,0.0,0.0,0.0,-34.19218620659142,-1.2989452558894719,-0.36144506853684016,-16.400244852124324,34.34661009366318,37.98137129683551,50.168373131176956,24.275355034156405,20.44156439073537,-10.682639667816174,53.78128903351865,12.997133683791718,-62.28808847541229,20.51497260670451,49.45754960443277,-19.319997240170935,-5.723136968566205,-61.037955204461035,-31.153423117541145,-39.782774122527
81,0.9994684960978188,1.6381818181818182,0.0,1.0,0.0,0.0,0.0,0.0,0.0,0.0,0.0,0.0,0.0,0.0,-43.35087598528516,4.860185198378514,-16.206212126855768,-4.4475784545302375,-52.25362955894695,-19.97871880243136,49.16817098604619,44.432142427728714,-14.4821260166779,-12.718954908980477,51.52089486637673,44.78504935264948,-18.735982144005657,7.500606967701481,-36.51879000373353,32.34035631446467,-19.647925494734093,-20.233311582311796,0.19025786867733138,40.397666139165345
82,0.9994618312029022,1.6582828282828284,0.0,1.0,0.0,0.0,0.0,0.0,0.0,0.0,0.0,0.0,0.0,0.0,-34.0866046825134,4.875393638713089,-1.3190243582851435,-17.07338616155021,-20.630814656907265,-12.452604000657171,-3.3545404391614775,3.4208387299809404,35.69419021767618,3.955384511129175,47.70979549110933,23.021386569501395,-33.060247201229004,-8.036371472568367,-15.356401354630995,-26.192858923339646,-35.230773515581554,17.470925063166252,10.41979222770385,50.879068749843775
83,0.9994685018235606,1.6783838383838385,0.0,1.0,0.0,0.0,0.0,0.0,0.0,0.0,0.0,0.0,0.0,0.0,-34.49537952072525,-5.836598539291493,-12.648273303604904,-3.5528571061709235,-28.928669163213684,-35.17140983231612,16.97965774392437,-13.967601019803,-19.600274339061585,-16.4779604271408,45.141355058351614,25.83115047397313,-38.14586572561376,-5.71212941803342,1.9375729953216405,41.56682063431471,63.77014411087319,5.586339958552082,4.853057957027542,8.079219660843801
84,0.9995115395426988,1.6984848484848485,0.0,1.0,0.0,0.0,0.0,0.0,0.0,0.0,0.0,0.0,0.0,0.0,-36.44108185201431,-24.72711461844027,-1.2697334504468183,16.61180453285053,-0.23369055909028455,11.988856407717655,25.58872010284175,-22.78453625713157,-11.525364465640639,-4.682566206862288,41.790120367576534,44.39905165971988,30.565372467250764,-41.500101086809224,-51.740818520953006,19.74705681682172,-22.416170522287803,7.985540194769391,-5.27279740712411,5.744020304865233
85,0.9995037222715882,1.7185858585858587,0.0,1.0,0.0,0.0,0.0,0.0,0.0,0.0,0.0,0.0,0.0,0.0,-33.14835984717655,-28.473982111564904,4.191355312116459,43.17036754941065,4.090521864729969,-28.88000987344928,-3.0820100660819336,38.089938224809636,5.639332998051816,11.73346141196923,39.327558537889786,43.49795370915097,11.482638356981624,-3.48821799545589,-58.04098796342736,-20.129493186019634,-17.763812291557446,2.4855466996160724,-37.307217121613235,-9.006133655609707
86,0.9995450772633632,1.7386868686868688,0.0,1.0,0.0,0.0,0.0,0.0,0.0,0.0,0.0,0.0,0.0,0.0,-47.12293277006562,-23.359905286670234,24.33621695434867,24.526616028724852,-9.426282706435492,-32.057139490626,-11.745517702960132,-3.102849102896299,-33.18894374451377,-21.043203927952913,41.50870102003358,72.1684661243448,44.66946608471992,-2.1832242495915977,33.97349553364347,29.48691757969147,-17.48417103556844,-33.741303970551606,-61.46811724224614,3.8544295144298513
87,0.9995066929187323,1.7587878787878788,0.0,1.0,0.0,0.0,0.0,0.0,0.0,0.0,0.0,0.0,0.0,0.0,-34.68541696718346,0.8230093970155985,1.751736793048842,20.482559424546665,-2.858218129825262,-4.0183652270145895,-19.236633504414602,-19.386340779766638,-13.308596495109859,24.3255636260396,38.94134893539749,44.256896968865576,-8.902927917538408,4.240581026358499,-15.276209461320109,8.81067137807472,-17.997413022136392,-22.5261069206607,-21.487269458668965,23.537464152146747
88,0.9995352656388621,1.778888888888889,0.0,1.0,0.0,0.0,0.0,0.0,0.0,0.0,0.0,0.0,0.0,0.0,-37.829672424874,1.2112748687385269,2.5965158531351795,-4.588364003943341,14.6587989749699,1.7806944070850999,17.10162935661672,-16.420022802836904,16.845421686628363,-0.5014836752708608,38.23154626227434,61.483494396594715,3.5213333649977043,-22.931436584598252,18.823005937332805,-23.88752811267566,-3.651634159644074,-4.076236963098822,-2.465197327793322,-5.246835206710797
89,0.999580000364225,1.7989898989898991,0.0,1.0,0.0,0.0,0.0,0.0,0.0,0.0,0.0,0.0,0.0,0.0,-43.38364245562123,-0.949933266239981,-17.9737012146031,-36.20419413533256,-2.3201443417002388,-19.382949216244306,-31.262802608902877,10.663726629191233,14.2586919345872,25.939755725910626,37.546083546759924,76.13519185130998,26.146786203338486,22.851481069693104,17.867088246738334,-2.198178026404812,-31.402233723513014,7.354182084151615,-14.899646160175864,-6.658582849774279
90,0.999491910428451,1.819090909090909,0.0,1.0,0.0,0.0,0.0,0.0,0.0,0.0,0.0,0.0,0.0,0.0,-19.688158777310512,7.287613520902266,18.769903180449216,-33.99960661584124,8.005622273560167,-17.93174481673217,5.765086334285524,45.08816744824349,25.366725836793744,31.020342201246706,32.00483248879805,21.640708685534275,-44.77635049812167,-49.880737749369196,9.08059333803389,-37.72529031220007,-7.817991605556247,0.32137027413881947,1.9494785283115068,-4.202170923370024
91,0.9995366368377369,1.8391919191919193,0.0,1.0,0.0,0.0,0.0,0.0,0.0,0.0,0.0,0.0,0.0,0.0,-37.21484604543642,-14.797135199928528,3.1898548574100696,-14.082681710802701,-12.821635360078005,-13.762778752558324,-13.932924855578461,-17.663748805809043,-3.3324742784805075,-29.722791244083076,33.40955690705808,41.12529461778016,43.99255543823703,30.589475520671996,48.828884670583875,10.32999867664387,-23.17575628563399,12.402338079872889,16.788937422104514,-14.7345896373394
92,0.9995788542542413,1.8592929292929294,0.0,1.0,0.0,0.0,0.0,0.0,0.0,0.0,0.0,0.0,0.0,0.0,-27.042823945568045,-5.235707239839964,-33.57991437502719,-49.50073583377369,-20.27687100324861,8.913840137600888,22.02451629331931,51.73899692351922,0.27766409190043506,11.679306459492228,28.83494180521573,40.6939045201199,-1.4925363318091365,-1.5563416822054532,9.744115093368203,10.919591397676626,-10.563096464772514,-6.313155431718586,0.41430223133049654,-18.16457252436624
93,0.999582376255298,1.8793939393939394,0.0,1.0,0.0,0.0,0.0,0.0,0.0,0.0,0.0,0.0,0.0,0.0,-26.954915232446705,-22.71794372422092,-13.418773257380545,2.163503914726634,-3.330816023348495,-15.213812919084367,0.11601191673886053,-19.87317092814294,1.2023009936545594,5.31348854312845,27.009453128724786,46.727005184438816,18.537442293392452,-1.4458228302795753,-37.50835717582627,-30.39143097315915,29.831583880328385,-10.293211695990223,30.18060280575938,-9.440183686596582
94,0.9995712429085554,1.8994949494949496,0.0,1.0,0.0,0.0,0.0,0.0,0.0,0.0,0.0,0.0,0.0,0.0,-23.77085145453939,2.931571691425448,-30.640722577571808,-0.021138542176343523,2.4351789811209557,15.25008031218226,0.6161646977143505,20.445136017035477,6.017352273926558,0.007438520681111239,27.632544490596146,39.49859180582779,1.5776673970213522,-6.736628142851274,-35.6044713774893,-17.1480665672051,-34.553283569947006,15.240425579937195,0.6928000771733451,-10.988695251337942
95,0.9995616335453954,1.9195959595959597,0.0,1.0,0.0,0.0,0.0,0.0,0.0,0.0,0.0,0.0,0.0,0.0,-24.88783880733963,-16.23885447266866,6.007813731737075,-30.39269500716665,29.041858698137197,31.379572973290713,22.592391761509905,-4.214223240188883,-0.18325202341274957,3.7193744157176063,26.344449909353425,47.27874152585835,-10.471014683341798,3.7645088622015157,26.549451012530774,-14.353099848997095,-18.864823139778814,-24.65826257174068,-42.210758395606305,-7.627016709043415
96,0.9994620976080089,1.9396969696969697,0.0,1.0,0.0,0.0,0.0,0.0,0.0,0.0,0.0,0.0,0.0,0.0,-11.110866606087614,-0.6778448443756322,-28.536007417897817,-16.894445063836972,-18.173681728061574,37.521024108025905,18.933496646405594,27.221108498898694,-13.201056288251806,-11.276318078559573,22.71368370368894,-7.714154129306112,-45.43499539456193,-7.434433756358952,44.15716314043005,37.89589821760532,19.71576421809906,-18.41685598566316,6.525116599974838,-2.4336985607441677
97,0.999592381196432,1.9597979797979799,0.0,1.0,0.0,0.0,0.0,0.0,0.0,0.0,0.0,0.0,0.0,0.0,-23.262504673502754,1.3075287794928345,-15.306801822927376,-28.151630777195177,3.1673095682762904,-33.79103107345844,19.966641840222678,32.488852121121944,14.102191632021986,1.528637285090234,25.03075067579567,44.75869181198888,-9.449573356126542,-12.722548225451664,-9.698566503763162,27.51020567075775,18.098860346447438,-12.330142867835045,-26.239330061472515,-32.44677138091664
98,0.9996370100923476,1.97989898989899,0.0,1.0,0.0,0.0,0.0,0.0,0.0,0.0,0.0,0.0,0.0,0.0,-25.22997556021269,-17.461573470953137,-0.3631960788606713,-33.84623595805788,-52.848302229123945,-8.151862419220182,-11.70008764656991,21.14712529992461,10.262388274899124,9.553001621397016,22.75558066251306,48.64710501548908,17.903724808761886,-13.222685909696372,16.10765091306406,8.238782551803263,9.287712407699065,-14.330184687500529,-36.592147618378874,18.18165887650118
99,0.9996094490404637,2.0,0.0,1.0,0.0,0.0,0.0,0.0,0.0,0.0,0.0,0.0,0.0,0.0,-21.751063750415245,-9.597620994332,-35.06345976698116,-19.074326501910583,-14.807419439834117,0.01906475152378911,-19.46075908151623,28.279946936608965,9.111611448121403,-6.339551546212216,21.53125872538092,35.434343033965696,12.265743341036353,-1.1360240633353456,4.317348294321405,1.5179170049963437,35.611271042641945,0.8376102690347398,-9.067634587202045,-14.070845004515371
