,fid,tf,y0,t1,y1
0,0.9639766249261347,0.1,3.9999999999572005,0.04866667320311059,-3.2610514408154256
1,0.9653055208298555,0.11991991991991993,3.999999999993308,0.06635795641317306,-3.999999419472772
2,0.9665219644105622,0.13983983983983983,3.9999999999643188,0.07561940525052048,-3.999997581546891
3,0.9679907494378599,0.15975975975975976,3.9999999997984337,0.08917485097879126,-3.999999997401873
4,0.969553026620959,0.17967967967967968,3.9999999999028257,0.09947660353813997,-3.9999878301340046
5,0.9712623246698319,0.1995995995995996,3.999999997212767,0.11170119148283394,-3.999996155251392
6,0.973076979326436,0.21951951951951953,3.999980434987833,0.1235900668917941,-3.9999801639227286
7,0.9749943100253639,0.23943943943943943,3.9999999931356753,0.1344122225236746,-3.9999999992123603
8,0.9769646596145481,0.2593593593593594,3.9999999997072213,0.14422898752368019,-3.9999312520243198
9,0.9790357215985207,0.2792792792792793,3.999999996931312,0.15733470391244633,-3.9999864494627575
10,0.9781211231602205,0.29919919919919924,3.9999999999441243,0.14573803322393503,-2.4026370996301747
11,0.9832151453180535,0.3191191191191191,3.9999999996823146,0.18051358227600153,-3.999999997274973
12,0.9852974678970768,0.33903903903903904,3.99999999898171,0.1919126561534173,-3.999989000547255
13,0.9873438819695298,0.3589589589589589,3.9999999982959387,0.203973205389272,-3.9999960978298867
14,0.9893264819646199,0.37887887887887883,3.999999999187648,0.21585085889817215,-3.999999998732393
15,0.9912197917731261,0.39879879879879876,3.9999999997806923,0.22772289407937069,-3.999999187699506
16,0.9929970570981312,0.4187187187187187,3.9999999995936717,0.2397005312468195,-3.9999999999140723
17,0.9946312580387779,0.4386386386386386,3.999999999329313,0.2517734632743526,-3.999998665766148
18,0.9931226056365666,0.45855855855855854,4.0,0.21773851937217725,-2.4357717381039987
19,0.9972003631105343,0.47847847847847846,3.9999999998180695,0.27692871649670225,-3.917431053798457
20,0.9983558531676504,0.4983983983983984,3.9999999995971773,0.2909264369029059,-3.9999881727538225
21,0.9991938996575376,0.5183183183183183,3.999999999259327,0.3009518819482959,-3.999996132681863
22,0.9997024311703849,0.5382382382382382,3.999999999799008,0.3141611198377922,-3.9999218089164223
23,0.9993982259854376,0.5581581581581582,3.99999999809783,0.2830436956820191,-2.7766455415803324
24,0.9999261669022977,0.5780780780780781,3.603581503963063,0.3539811016388744,-3.9999999997566444
25,0.9998529863059034,0.597997997997998,3.999999999999987,0.28615512111844604,-2.3784316301038806
26,0.9999355698866644,0.6179179179179178,3.877135607223895,0.3010054290489821,-2.3661542505943878
27,0.9986311347904839,0.6378378378378378,4.0,0.2182898319612657,-1.0466236818204593
28,0.9999434067476782,0.6577577577577577,3.6871793799722714,0.29432760014286036,-1.7727212803397854
29,0.9999459101785632,0.6776776776776776,3.9994761390719438,0.25871639412438646,-1.3646302499694591
30,0.9999487218508347,0.6975975975975975,3.833789791471682,0.26118627345415757,-1.2113188880357812
31,0.9999509414373636,0.7175175175175175,3.988295393417311,0.2408100578644256,-0.9855169704412904
32,0.9999530505768254,0.7374374374374374,3.9997252256285574,0.23141905134553475,-0.831858349395519
33,0.9999554447507746,0.7573573573573573,3.3344647380664387,0.2743771458604957,-0.8526173805569097
34,0.9999575522841677,0.7772772772772772,2.9044312417683664,0.31076366124143395,-0.8547845909627536
35,0.9999590904219259,0.7971971971971972,2.8020459493323266,0.31309571664109104,-0.7490558457096946
36,0.9999613796143841,0.8171171171171171,2.2381685866823195,0.39590839503845093,-0.9104722534191825
37,0.9999620273050184,0.837037037037037,2.431687220334979,0.34635837549620696,-0.6394917222139537
38,0.9999635491830441,0.856956956956957,2.1517692273135585,0.3889775400357792,-0.6596618933464048
39,0.9999653722194501,0.8768768768768769,1.8129473608680298,0.4668203745275079,-0.7989469998450354
40,0.9999662554903546,0.8967967967967968,1.7632772939205184,0.4687789015891024,-0.6921843757709464
41,0.9999671811154955,0.9167167167167166,1.6906130382637252,0.47977044503717786,-0.6215341934708672
42,0.999967863104018,0.9366366366366365,1.678722014519818,0.46934896387057873,-0.49955396840376576
43,0.9999693403403359,0.9565565565565565,1.4545932898739362,0.5513073352608148,-0.6333850069249802
44,0.999968946056674,0.9764764764764764,2.2247122838723636,0.30616943893685744,-0.08930615463507662
45,0.999969924191022,0.9963963963963963,2.389113130526416,0.27082604827639956,-0.006782329372050369
46,0.9999708431063379,1.0163163163163162,2.3818236884133293,0.2627565190609675,0.039526736614108444
47,0.999976548384085,1.0362362362362363,0.9288277561351054,0.9419465310355314,-3.9883820867615323
48,0.9999724707317861,1.056156156156156,2.166389272877247,0.2765576055998172,0.0970730204197134
49,0.9999731563641273,1.0760760760760761,1.2361649823193068,0.5802619172462747,-0.2110750926767459
50,0.999974406055566,1.095995995995996,1.0805754943720092,0.6920373366673477,-0.36814486677922453
51,0.9999755798601249,1.115915915915916,2.6707582427575565,0.19128599834985577,0.23605189472933488
52,0.9999755666134472,1.1358358358358358,1.0125996242707926,0.7254803148425096,-0.28598843139402536
53,0.9999796440094892,1.1557557557557558,0.7930771277170197,1.0669681582959571,-3.2833549576434176
54,0.9999770067963571,1.1756756756756757,1.7886857235921287,0.2879657365127187,0.2523082181182876
55,0.9999774226447352,1.1955955955955957,0.9040492546777231,0.8091568293704774,-0.24100113601167597
56,0.9999772142299403,1.2155155155155155,1.1625320817684253,0.509318179453581,0.17161372573181372
57,0.9999783231722363,1.2354354354354355,0.8682983201648488,0.8235643603234458,-0.12925354832499245
58,0.999978945847567,1.2553553553553554,0.8359553063148332,0.8607671528220956,-0.13109267920409498
59,0.9999808627930163,1.2752752752752754,0.7432213676914103,1.0599923703529404,-0.6699781000237918
60,0.9999807149139238,1.2951951951951952,1.4063925960116477,0.32258878753460346,0.3514501645330073
61,0.9999812542455376,1.3151151151151153,1.3333118103684747,0.33645972232663063,0.3628935189827404
62,0.9999820414809882,1.335035035035035,1.378086045269663,0.3066946004284184,0.3864466801777546
63,0.9999833171397162,1.354954954954955,1.6018628639152805,0.23223002790699465,0.42038904699581003
64,0.9999848038466348,1.374874874874875,0.6409351366365061,1.3293355594681753,-3.999820920449327
65,0.9999852165081846,1.3947947947947947,0.6323915907151686,1.351638190905588,-3.9993929393789593
66,0.9999843833862645,1.4147147147147148,1.2492317901607106,0.29603121131577004,0.43908063669497066
67,0.9999860236830014,1.4346346346346346,0.6170709122290245,1.396128184383441,-3.99702125156053
68,0.9999864170150432,1.4545545545545546,0.6101509688268405,1.4183637186235867,-3.9998500121131966
69,0.9999867655615733,1.4744744744744744,0.6044661426236113,1.4365411741566045,-3.5211275973531984
70,0.9999864721548413,1.4943943943943945,0.6083424816959611,1.3844928005016603,-0.7603905778882512
71,0.9999875520710414,1.5143143143143143,0.5927283294319402,1.4848028510056157,-3.9998689283682243
72,0.9999879114562371,1.5342342342342343,0.5878250152816068,1.5068928105683441,-3.999138924005981
73,0.9999864187718398,1.5541541541541541,0.6126281304787454,1.256631362452816,0.17117755467151322
74,0.9999885729121119,1.5740740740740742,0.5795378119779182,1.548208003058008,-3.5062508509458605
75,0.9999889132644412,1.593993993993994,0.5756690742534382,1.5725931107975073,-3.9052872565851238
76,0.9999880807420696,1.613913913913914,0.5860304402652196,1.4176043754332768,0.11645277724909849
77,0.9999895096738874,1.6338338338338338,0.5694607437806155,1.6170256465948478,-3.999973038127852
78,0.999989375171705,1.6537537537537539,0.5706640997641497,1.5704694280987448,-0.2519227131825882
79,0.999989312227829,1.6736736736736737,0.5715992899428799,1.5192775150003544,0.18013386575661924
80,0.9999901281614265,1.6935935935935937,0.5637913967870399,1.6594811119625696,-0.8739118830814233
81,0.9997668545071909,1.7135135135135136,0.5516425275240464,1.7135061134137888,2.75581625162883
82,0.9999905954662056,1.7334334334334334,0.5601565596856448,1.7266810624993605,-3.999810831900219
83,0.9999907036795394,1.7533533533533534,0.5593923640709842,1.7412332164722237,-1.243676093368205
84,0.9999908095964252,1.7732732732732732,0.5586896941696949,1.7704246505447263,-3.979222529723429
85,0.9999908548354901,1.7931931931931933,0.5584078029561531,1.7922937842815576,-3.999556324398282
86,0.9999908544750745,1.813113113113113,0.5584127644318205,1.8116652610144575,3.7970273566323534
87,0.9999914376546536,1.833033033033033,0.5459966527418942,0.9352173823744345,0.5716701408994994
88,0.9999914392414025,1.852952952952953,0.5155732407675706,0.5527938147349047,0.5690150401495694
89,0.9999905869250445,1.872872872872873,0.559809247549334,1.8639225754159,3.9976825787350596
90,0.9999922822391523,1.8927927927927928,0.5143459103309291,0.8346220236536173,0.5876858034421037
91,0.9999901470701322,1.9127127127127128,0.5618494222699384,1.898759755774817,3.9997518105189362
92,0.9999898347162817,1.9326326326326326,0.5631932968998572,1.9161727158790196,3.996270314741344
93,0.9999895575632514,1.9525525525525527,0.5642896213647947,1.9246044355270957,2.8881937191626768
94,0.9999939802903283,1.9724724724724725,0.5226341402567188,1.2567764372783519,0.6574284737862807
95,0.9824103510081814,1.9923923923923925,-3.999999999984636,0.2883820563048418,-0.7939765797261926
96,0.9999878382040615,2.012312312312312,0.5706935355839828,1.9859717918386701,3.99997846946765
97,0.9999922935628051,2.032232232232232,0.3250309946735928,0.4917503800042638,0.5843344505799023
98,0.9999869617106731,2.052152152152152,0.5736834431143383,1.993487891450346,2.3968111614432615
99,0.9999932323605535,2.072072072072072,0.3650464162387459,0.6485442507449168,0.6022714008939789
100,0.9999947596561573,2.091991991991992,0.42939622749927936,0.8891641271696604,0.6344951628944767
101,0.9999913892805367,2.111911911911912,0.11567634981619437,0.3772419733586027,0.5682218138346675
102,0.999990116280164,2.131831831831832,-0.2029395142471277,0.25007446148008966,0.5457855809132197
103,0.9999967402181402,2.151751751751752,0.48405221144416244,1.2588691243904964,0.7133346768378647
104,0.9999864321821302,2.1716716716716715,-3.911623234346203,0.05365091424640863,0.49130763993271287
105,0.9999968108772541,2.1915915915915916,0.45163337036268764,1.141475593690213,0.6931289643719346
106,0.9999937669326197,2.2115115115115116,0.5416346046957734,1.6696255682508185,0.8877496704756378
107,0.9999852807376363,2.2314314314314316,-2.011726780726217,0.11137463879916651,0.4748630496329081
108,0.9999979208519447,2.2513513513513512,0.4724448841157896,1.3090767309045122,0.7452923808315204
109,0.9999948493668083,2.2712712712712713,0.3136300040222934,0.8312296531673602,0.6358466116612359
110,0.9999958955685383,2.2911911911911913,0.3499410370567415,0.9343429885752808,0.6585450185679451
111,0.9999981265175011,2.3111111111111113,0.4360342503312997,1.2151191782425583,0.7275907366688964
112,0.999998289874619,2.331031031031031,0.43215765288242797,1.2209277867527772,0.7300512236302295
113,0.9999988261075933,2.350950950950951,0.45686063881226247,1.3302622026934876,0.7646555755715528
114,0.9999791581482506,2.370870870870871,-3.7166591074488182,0.129845082458848,0.22996641196788775
115,0.9999780251449474,2.3907907907907906,-2.6030511027307557,0.17240913913073488,0.2654864495653041
116,0.9999961909441887,2.4107107107107106,0.30761461797820244,0.9766916948374522,0.6663312149669774
117,0.9999906105441612,2.4306306306306307,-0.01181457244298582,0.617424834896256,0.5556553511212837
118,0.9999811548865942,2.4505505505505507,-1.870618718772424,0.2944627402166965,0.14331298587212388
119,0.9999807906953146,2.4704704704704703,-1.6492529157486444,0.33291248876885154,0.14618831640915814
120,0.999999526710406,2.4903903903903903,0.42720521831369107,1.3322049110497274,0.7748674789441061
121,0.9999800849956612,2.5103103103103104,-1.3299089998160754,0.40882881505265983,0.15440320442923983
122,0.9999997698076349,2.5302302302302304,0.4344104191992956,1.3772218624249664,0.7926589650086767
123,0.9999990658519381,2.55015015015015,0.38045234639266895,1.2538788144392736,0.7481900333253656
124,0.9999790870834101,2.57007007007007,-1.0257993699464458,0.5199770113150309,0.16985118776825298
125,0.9999787240029362,2.58998998998999,-0.9541916812619212,0.5548563082490313,0.17500947391515304
126,0.9999784753706633,2.60990990990991,-0.8864345744872236,0.5921693398479009,0.18194938321850657
127,0.9999781906820855,2.6298298298298297,-0.8290169252095674,0.6277111705234423,0.18819994245908048
128,0.9999779224441424,2.6497497497497497,-0.7754128893628497,0.6623734299205177,0.19652243186214113
129,0.999996898840182,2.66966966966967,0.26110957560070874,1.128707552744864,0.6903267665331492
130,0.9999774539737897,2.6895895895895894,-0.678183747763438,0.7291503417939402,0.21725840103244692
131,0.9999772712481458,2.7095095095095094,-0.625991111997308,0.7596453746711673,0.23477142491158942
132,0.9999772329871617,2.7294294294294295,-0.5463278058744528,0.7839322878160341,0.27348696203172385
133,0.9999930784063257,2.7493493493493495,0.0924431362244494,1.0098466281162795,0.6055912957240253
134,0.9999791404292956,2.769269269269269,-0.35878310421457216,0.8431242876561144,0.37038015322478635
135,0.9999971916227948,2.789189189189189,0.26023362349727713,1.2163124711100708,0.707084080715252
136,0.9999848048594792,2.809109109109109,-0.14164114595836244,0.9404964322346421,0.47926638111469
137,0.9999874042466409,2.829029029029029,-0.0858006120677757,0.9823064520446804,0.5123974522347231
138,0.9999755261052399,2.848948948948949,-0.5102930524939211,1.0105678488963785,0.22778239596464045
139,0.9999885682428171,2.868868868868869,-0.01169931454744183,1.0592553437523686,0.5482556134047994
140,0.9999784462962296,2.888788788788789,-0.32452561513506506,1.0234524584075433,0.35394719480688036
141,0.9999894366798501,2.908708708708709,-0.02824250382382059,1.09087870289172,0.5423424419597772
142,0.9999960769971005,2.9286286286286285,0.19384946356599034,1.24613433774318,0.6807271814137457
143,0.99997741255576,2.9485485485485485,-0.3503360287775688,1.1296821397588652,0.31934253476192587
144,0.9996852827144432,2.9684684684684686,0.8872758456563292,2.759040176898639,3.0127373349901942
145,0.999997511626436,2.988388388388388,0.2636035397404956,1.35251228402817,0.7330879277861438
146,0.999996824573085,3.008308308308308,0.21305247626626583,1.322754924507723,0.7000210821492202
147,0.9999893330334558,3.0282282282282282,-0.024832004776319836,1.214729416633406,0.5426866924135593
148,0.9999939195367524,3.0481481481481483,0.0978345099057908,1.2775799970801005,0.6242715772971502
149,0.9999931018564506,3.068068068068068,0.0704084199570618,1.281964196590502,0.6068484360647657
150,0.9997556702819091,3.087987987987988,0.8583989087683506,2.5591043559332443,1.7249171054133272
151,0.999975228324891,3.107907907907908,-0.3297995635312608,1.3822390857852973,0.3155788291736789
152,0.9999821890599574,3.127827827827828,-0.18394964010955994,1.3390954276790583,0.4236693661971819
153,0.9999984219368163,3.1477477477477476,0.35540119109666185,1.5286721163336818,0.8164312244773715
154,0.9999916863135941,3.1676676676676676,0.026761356080423827,1.3622704653435684,0.578642485196005
155,0.9999850227899061,3.1875875875875876,-0.0972895631947399,1.391073265700019,0.4890073135741602
156,0.9999873508100005,3.2075075075075077,-0.06510886909323464,1.4065315270482726,0.5110241629548834
157,0.9999981764489678,3.2274274274274273,0.3706379547470843,1.5752429637367547,0.8343291650785658
158,0.9999973432423896,3.2473473473473473,0.44803179081955324,1.6590066460273025,0.8988524981129155
159,0.9995268754983876,3.2672672672672673,1.0036765626310713,2.8241704636166167,2.1586542583908526
160,0.9999738095845195,3.2871871871871874,-0.2998343567630376,1.6350667356375734,0.34118092137693984
161,0.9994602811168266,3.307107107107107,1.0765987416752631,2.9111009572602153,2.4227162056130784
162,0.9999967283927735,3.327027027027027,0.45833264978228544,1.6871172972074224,0.9110119477213403
163,0.9999852383473037,3.346946946946947,-0.103072687026163,1.5802159123588242,0.4814268977044551
164,0.9999963576136331,3.3668668668668666,0.17636475874529886,1.5467452877210806,0.6926374156886037
165,0.9999896529237938,3.3867867867867867,-0.010186318762764858,1.5828273555669832,0.5521407477193192
166,0.9994863540100041,3.4067067067067067,1.0749844772796635,2.8249520259992695,1.9845267068394097
167,0.9999970084929941,3.4266266266266268,0.2132089508972472,1.59008965287631,0.7216167163931303
168,0.9993490519738945,3.4465465465465464,1.250978030406796,3.1738880860518055,3.449018793426152
169,0.9999920403888671,3.4664664664664664,0.04503508253482426,1.638112651515384,0.5933793977093672
170,0.9999977515044384,3.4863863863863864,0.3036612831953401,1.6433343409647871,0.7928225605662101
171,0.9999967649790122,3.5063063063063065,0.19024258808126365,1.640279548369602,0.7045615354450605
172,0.999997759899597,3.526226226226226,0.31341128242659233,1.6639715919033127,0.8013552428242492
173,0.9630005598122794,3.546146146146146,0.1637675320355831,3.5378832597247993,-3.9999968239546866
174,0.9999978197505732,3.566066066066066,0.3087165586697732,1.681144484775046,0.797710233367799
175,0.9999974425133575,3.585985985985986,0.23860297688717183,1.6868393107082569,0.7426272945838743
176,0.963646423493439,3.6059059059059058,0.1870051726985269,3.5958419412257894,-3.9999999322868187
177,0.9999940623962804,3.625825825825826,0.08636534576210823,1.7667374494209394,0.6230899388183037
178,0.9999976531162972,3.645745745745746,0.2437677751927326,1.7229139645084812,0.7457615360744664
179,0.9644577797950765,3.6656656656656654,0.21157611232577533,3.652402670715938,-3.9999941765862492
180,0.9999974769367287,3.6855855855855855,0.22690760671933147,1.748694076534424,0.7314895975103274
181,0.9650936699619614,3.7055055055055055,0.2276577598166047,3.6903819315434143,-3.9999987344258234
182,0.965440229843217,3.7254254254254255,0.23940147006644535,3.7092982536796724,-3.99999970166561
183,0.9999980699730284,3.745345345345345,0.27741746198713896,1.7691983135914078,0.7711922928199137
184,0.9999982887102665,3.765265265265265,0.2979945670094806,1.7745777098195161,0.786763689662042
185,0.9999973185117056,3.785185185185185,0.20531005349937897,1.8215993436814106,0.7103647803906791
186,0.9670157744221239,3.8051051051051052,0.26423366636584517,3.787259312572294,-3.999997878417049
187,0.9999974628060062,3.825025025025025,0.20876786826319868,1.8466610247402981,0.7115125404995477
188,0.9999983324889227,3.844944944944945,0.2652732839386901,1.8276049629130184,0.7569276247836392
189,0.999982868788172,3.864864864864865,-0.2062767220197027,2.244524543245067,0.47309073727555984
190,0.9999864911861022,3.884784784784785,-0.12191700944032459,2.196737409155633,0.499995550460187
191,0.9999984154783612,3.9047047047047045,0.25523685205355534,1.8682537039515679,0.7452710691151709
192,0.9999955917575121,3.9246246246246246,0.1523551084589645,1.9616332031501311,0.6603989643941667
193,0.9705545494251061,3.9445445445445446,0.3273869727353117,3.9168753703748105,-3.9999999999673084
194,0.9999991188883954,3.964464464464464,0.31939838827914924,1.8620898874873393,0.7954594941784441
195,0.9999992068162448,3.9843843843843842,0.32095140811700407,1.8708321014106695,0.7954989544502143
196,0.9999986153660502,4.004304304304304,0.2593681489490223,1.924692838898884,0.7412286854939598
197,0.9999765275577459,4.024224224224224,3.123882650992448,0.2167512301077186,-0.07494383484690251
198,0.999988825866885,4.044144144144144,-0.05696627265120309,2.294993687274854,0.5350057013224179
199,0.9999898207649223,4.0640640640640635,-0.041979737912853615,2.3039341604780126,0.5410025159497338
200,0.9999898321952905,4.083983983983984,-0.04305170631901646,2.323949378801477,0.5412138574913967
201,0.9999996905616164,4.103903903903904,0.3292385688607277,1.9241185145071564,0.7933674357407544
202,0.9999996706939358,4.123823823823823,0.3082678008424308,1.9545446131173956,0.7725846595024295
203,0.9999996390198048,4.143743743743744,0.36324418421645704,1.9117652913821805,0.8210198224394916
204,0.9999997644693316,4.163663663663663,0.30955217965140264,1.976300737896665,0.7694723205179747
205,0.9999837594644514,4.183583583583583,1.2982606836832837,0.5229289184335719,-0.07225074183296942
206,0.9999998092521651,4.203503503503503,0.3095835102219257,1.9998499771505696,0.7647931752829014
207,0.9999999799768261,4.223423423423423,0.3385326812382099,1.9772840271690975,0.7894298775261032
208,0.9999865648168043,4.2433433433433425,1.1063205093163637,0.6171416535591776,-0.062073863798938735
209,0.9999913729017359,4.263263263263263,0.03149840966778583,2.428342100385082,0.5681987524242569
210,0.9999879636100723,4.283183183183183,0.9926600679630331,0.6945782616287773,-0.06274696152420672
211,0.9999998903823483,4.303103103103102,0.36452129854493903,1.9864053278647325,0.8049171710588932
212,0.999989329168401,4.323023023023023,0.9045653054519024,0.7711766200728236,-0.06328747974048271
213,0.9999948707717067,4.342942942942942,0.4942065790768307,1.8503452815147368,0.9350657631825307
214,0.9999998035288583,4.362862862862863,0.3500139516062886,2.041334898636463,0.7814919086114175
215,0.9999913077888407,4.382782782782782,-0.37456819000335395,2.695796440350419,0.5445287980433492
216,0.999991960728531,4.402702702702702,0.7777454197130071,0.9238286620610503,-0.06493848854568762
217,0.9999895646608683,4.422622622622622,0.7600162969918254,0.9434913139096213,-0.05905544902929943
218,0.9999992161045634,4.442542542542542,0.3384890074198537,2.112173974141191,0.7562412015304588
219,0.9999905115348452,4.462462462462462,0.5634945789619564,1.7975031396306524,1.0056733269858444
220,0.9999944300335725,4.482382382382382,0.6947090963735242,1.0730037419972345,-0.06599881830690772
221,0.9999950135412315,4.502302302302302,0.678586391096118,1.109922215111428,-0.0662337988219145
222,0.9999955794085509,4.522222222222222,0.6640353180702961,1.146347728477418,-0.06622690482740218
223,0.9999970279493455,4.542142142142142,0.44094141839824463,1.97944958394608,0.8543173672073199
224,0.9999966525432865,4.562062062062061,0.6387878826764807,1.2194160630658486,-0.06665565717480522
225,0.9999972288878667,4.581981981981982,0.3542185711535746,2.185154736736873,0.7419545307804531
226,0.9999958899593901,4.601901901901901,0.3099555386947009,2.3154300317956875,0.6898416851811292
227,0.9999980700498242,4.621821821821821,0.6093599212501954,1.3270455275088706,-0.06670609745119188
228,0.9999984781898413,4.6417417417417415,0.6014165695048775,1.3626345911786688,-0.06669258582277339
229,0.9999988478909249,4.661661661661661,0.5943796243604418,1.3976470481206977,-0.06635585492561343
230,0.9999986184765048,4.681581581581581,0.5852556084070052,1.4457895119501798,-0.07606264669732762
231,0.9999994540582436,4.701501501501501,0.5824978035767825,1.467539874561595,-0.06587539529801587
232,0.9999921395451237,4.721421421421421,0.2742647468304152,2.558050798833545,0.6294656562728179
233,0.9999972307020505,4.741341341341341,-0.49001740300245067,2.8707082272403626,0.5539595625959802
234,0.9999909914435736,4.761261261261261,0.17604306198082526,2.8138187054456982,0.578229472392345
235,0.9999999998562832,4.78118118118118,0.5667137388555369,1.603066611207804,-0.06280096250101797
236,0.9999920979152965,4.801101101101101,0.4846315904767316,1.9829742758805937,0.8701848200212311
237,0.9999998557107649,4.8210210210210205,0.562170993583199,1.6693116582487357,-0.06052241658586253
238,0.9999996610604694,4.84094094094094,0.5605610162480723,1.70205669744071,-0.059161441600825315
239,0.9999884425006242,4.8608608608608606,0.29526098141203916,2.719702828123851,0.6068078959048547
240,0.9999948804588817,4.88078078078078,-0.35999961038469996,3.0025405124888938,0.5513275031219027
241,0.9999985285286355,4.9007007007007,0.5585528767940683,1.7977067432444436,-0.05349074589455491
242,0.999997953698529,4.92062062062062,0.558685923320846,1.829055065348608,-0.05121534835138713
243,0.9999972772625986,4.94054054054054,0.5592438031786117,1.860228261153606,-0.04895699821860862
244,0.9999964933449661,4.96046046046046,0.5600459572470095,1.890750510244935,-0.04601708755193084
245,0.9999839643117097,4.98038038038038,0.34061456652188143,2.8098784086788937,0.5986728054932061
246,0.9999814450652346,5.0003003003002995,0.43540686628614766,2.3841374030984035,0.6929710620833457
247,0.999993511783279,5.02022022022022,0.5642756576929501,1.9781213505061501,-0.0341580647148826
248,0.9999836281008904,5.04014014014014,0.48365908669460117,2.140023510176046,0.7815967883626606
249,0.9999868958844768,5.060060060060059,0.5102047704976579,1.999239833948566,0.8557758598994766
250,0.9999896510848153,5.07997997997998,0.5712860917969048,2.0664989678553485,-0.022271319595566365
251,0.9999881944255385,5.099899899899899,0.5739980805537661,2.094682123285251,-0.016990010129406125
252,0.9999866745669503,5.11981981981982,0.5770042315383411,2.122074579465445,-0.011151162637314062
253,0.9999850973457187,5.139739739739739,0.5802754396979862,2.14925656258973,-0.005149837843642404
254,0.9999834793155202,5.159659659659659,0.5836481466102593,2.176253121535853,0.0013825744964023133
255,0.9999399891255042,5.179579579579579,0.8305161272288474,0.3477863267328012,0.5138183470232928
256,0.9999685377509019,5.199499499499499,0.47800227774485676,2.5991212219083906,0.6248543914292487
257,0.9999681913993028,5.219419419419419,0.4722408025847961,2.778388337330994,0.5980437728201582
258,0.9999769472054613,5.239339339339339,0.5989522182496606,2.281689138760308,0.03105975164404317
259,0.999991618649641,5.259259259259259,0.5758419789335056,1.725136007090598,1.0863210157290881
260,0.9999739166491788,5.279179179179178,0.6070253217286254,2.3308686480412177,0.050465581879559226
261,0.999991552602439,5.299099099099099,0.5734496595973784,1.7295665684686445,1.0857849585731947
262,0.9999712583057038,5.319019019019018,0.6160887686801406,2.382087121039615,0.06892629091349808
263,0.9999701029025948,5.338938938938939,0.6202985485205803,2.405945438007184,0.08112806007666423
264,0.9999914048691908,5.358858858858858,0.5691200811324657,1.7413722706948012,1.0781948927349674
265,0.9999682628272047,5.378778778778778,0.6293552366311538,2.454689822857165,0.10514909678993847
266,0.9999675963730225,5.3986986986986985,0.6339804901572171,2.47893190520325,0.11812591281203572
267,0.9999912142752639,5.418618618618618,0.5656530151687595,1.7534049522320754,1.070199549492938
268,0.999966805279837,5.438538538538538,0.642991580924876,2.5269481675562098,0.1471417328337328
269,0.9999591468741996,5.458458458458458,0.579262589285919,2.67005240101338,0.5312076810106172
270,0.9999667390258486,5.478378378378378,0.6521410036265795,2.5762453091768265,0.17904725657133516
271,0.9999669547121885,5.498298298298298,0.6566306990854966,2.6013072879758337,0.1966210906706441
272,0.99999089145403,5.518218218218218,0.5597982614552023,1.7875827769542187,1.027619177972886
273,0.9999619089409347,5.538138138138137,0.6196432117198895,2.706197083148321,0.46489057315964594
274,0.9999682753982401,5.558058058058058,0.670050647571474,2.683483041435336,0.25606045925007653
275,0.9999909990434882,5.5779779779779775,0.5572100633564091,1.8275485180650277,0.9302836721623488
276,0.9999912588983209,5.597897897897897,0.5575592315808857,1.8309125583303867,0.8496003568427594
277,0.9999629070781192,5.6178178178178175,0.6653654243316117,2.8972154868643982,0.45723390182618756
278,0.9999684922189849,5.637737737737737,0.6880479404775595,2.830226522674348,0.3611961889530523
279,0.9999684323630976,5.657657657657657,0.7072721568243502,2.8627453467906903,0.33166281289554966
280,0.9999602080069191,5.677577577577577,0.7027658663583769,3.018754719361152,0.452680649230377
281,0.9999954177454277,5.697497497497497,0.5527167405638583,1.6623505446140538,0.7605506965671124
282,0.9999592495018088,5.717417417417417,0.7317952762994765,3.041163386130888,0.4232699270142441
283,0.9999598801481683,5.737337337337337,0.7542729038306815,3.0129588618385243,0.3545313455799434
284,0.9999556959849298,5.7572572572572565,0.7688216122424713,3.0450604445415324,0.3499346499455862
285,0.9999466994809191,5.777177177177177,0.7755953092193916,3.1445199491208866,0.4213282501038075
286,0.9999414228893958,5.7970970970970965,0.7911122783137026,3.187660668900417,0.4224940104345221
287,0.9999386973311852,5.817017017017016,0.8095479664197754,3.1591459702255817,0.3714433244922648
288,0.9999312641683848,5.836936936936937,0.8231893214098083,3.1971189985837465,0.37938159935346577
289,0.9999223104029207,5.856856856856856,0.8392715752711633,3.228142770274554,0.37912756083308286
290,0.9999119194208704,5.876776776776776,0.8536006721225243,3.271168854458026,0.39730149728098674
291,0.9999013589434642,5.896696696696696,0.8701284842172282,3.309962736091503,0.40236516455476573
292,0.9998887288054248,5.916616616616616,0.8897367211711844,3.3549675131798296,0.4094759905928787
293,0.9998761853919805,5.936536536536536,0.9070523978699093,3.3811856406627916,0.409081350873823
294,0.9999948460359852,5.956456456456456,0.5602286014473761,1.7488394714155318,1.5823445010348007
295,0.9998471803505679,5.9763763763763755,0.9443652700074687,3.4471501654165277,0.41572776434727826
296,0.999834861941767,5.996296296296296,0.9622741977490773,3.4627512509311877,0.40764017947378123
297,0.9998167990700794,6.016216216216216,0.9819968252847627,3.464944046686063,0.38473504973638506
298,0.999999846944177,6.036136136136135,0.5121059051462148,1.4941597631751995,0.802011226412113
299,0.9997611230406926,6.056056056056056,1.0639495479137777,3.7075902893957142,0.48598327393217844
300,0.9997620227940451,6.075975975975975,1.0494951079791441,3.6106863720691735,0.43274104772482047
301,0.9997385509024813,6.095895895895896,1.0903522716407816,3.6993627492176717,0.4639919251946031
302,0.9997149406027328,6.115815815815815,1.1299280040267958,3.7763211852367706,0.48692165439433993
303,0.9997042394071243,6.135735735735735,1.1616957966290562,3.803742777869794,0.48421947946666477
304,0.9996940018033742,6.155655655655655,1.1456271679258105,3.71981542811166,0.43290454889517266
305,0.9996830701205162,6.175575575575575,1.2099389512633916,3.8341810573670134,0.4744819356336655
306,0.9996387686059872,6.195495495495495,1.1741133457173192,3.673129980158471,0.3491169143934883
307,0.9996503210906327,6.215415415415415,1.2176895656017357,3.7979944597816537,0.43865138863204306
308,0.999970018668319,6.235335335335335,1.9968466100452682,4.125407386251056,0.5256358283547864
309,0.9996118696935261,6.255255255255254,1.2596222970486535,3.776180049967843,0.3748338304720408
310,0.9999618475578038,6.275175175175175,1.9920168703985068,4.106611109048264,0.5089000350370093
311,0.9999571036198811,6.295095095095094,1.9982108642837961,4.092510002465141,0.4964406523922342
312,0.9999511244219991,6.315015015015015,2.0198586152202975,4.070760386743657,0.47947465165683056
313,0.9999429705648383,6.334934934934934,1.9432043718361234,4.090165584591468,0.4798699304564495
314,0.999937828493012,6.354854854854854,1.981621956121653,4.061347949870442,0.45310860036055295
315,0.9999293663696941,6.3747747747747745,1.9851803458331292,4.041513563314345,0.4242544510550912
316,0.9999092734635119,6.394694694694694,1.8850911608581105,4.0637866993079825,0.43326533745139334
317,0.9999013466265165,6.414614614614614,1.9156141334955512,4.028953248349775,0.3808445763118924
318,0.9998789556797198,6.434534534534534,1.9071745221646565,3.9953860251566726,0.30971113216535884
319,0.9998217912931624,6.454454454454454,1.8578410660822346,4.004731847855494,0.3225390632043396
320,0.999720781359275,6.474374374374374,1.8493038544291005,4.002221051653924,0.3148446409344275
321,0.9999966911972061,6.494294294294294,0.47537551900097375,1.5437848754434726,0.8618980080874864
322,0.9993766733073008,6.514214214214213,1.8369780549887662,4.011840947667243,0.3345905363854547
323,0.967647759782093,6.534134134134134,0.31896710373127884,3.899377911506759,-0.901819702846315
324,0.9969729539138756,6.5540540540540535,-3.2914174290594227,3.341498284475953,-1.1373676340590546
325,0.9985051906645526,6.573973973973973,1.8369711727611708,4.01258645222597,0.3378992858293094
326,0.99809495422183,6.593893893893894,1.7895229182915822,4.0568109548432725,0.41838640995790827
327,0.9977378609697896,6.613813813813813,1.8199805709419397,4.04436360234771,0.40332714438061423
328,0.9972933597247419,6.633733733733733,1.7889087461707247,4.0394042888213635,0.39670770485172496
329,0.9967987734868216,6.653653653653653,1.8068508413528603,4.046656673500191,0.40424596350592723
330,0.9963232659116205,6.673573573573573,1.7847937921988357,4.048178636901798,0.407232829521283
331,0.9716858787325523,6.693493493493493,0.3704899739919369,4.036049305275533,-0.8997903339449106
332,0.9951923168288166,6.713413413413413,1.7980305980384654,4.068279564913351,0.4430557115268564
333,0.9946122709543396,6.7333333333333325,1.801886787860466,4.0527094836515865,0.42595532938254094
334,0.9939725482887394,6.753253253253253,1.7768157490880285,4.063128748753827,0.4469345914678404
335,0.9933959263137819,6.773173173173173,1.7911646487589201,4.065262208485792,0.4645271238494587
336,0.9926752086081189,6.793093093093092,1.7722032184953727,4.070877260116476,0.4626924846956333
337,0.9919921603527623,6.813013013013013,1.758118259074449,4.075166234794339,0.4641809810903744
338,0.9913589126838537,6.832932932932932,1.7670813997015336,4.098637965587843,0.5091276561437681
339,0.990665425047472,6.852852852852852,1.768610081727283,4.105314737928122,0.5045277429171751
340,0.9767264348605553,6.872772772772772,0.4246401512704904,4.175071548394571,-0.8674899406517652
341,0.9891469304397071,6.892692692692692,1.7651998666539246,4.092121167011805,0.5048005605061021
342,0.9778870455909412,6.912612612612612,0.43614945832956115,4.204837376150929,-0.8580620082520677
343,0.9876799931557223,6.932532532532532,1.764900561311593,4.1044116907124835,0.522682648375724
344,0.9869090871921348,6.952452452452452,1.764886483552212,4.099771666229639,0.520745978683556
345,0.9861870897571688,6.972372372372372,1.7752353527544997,4.108991776206309,0.5388852988526731
346,0.9854382135474602,6.992292292292292,1.7565649660563045,4.112689081657585,0.5479706077879721
347,0.9999972544437739,7.012212212212211,0.2245300042741363,5.07664014276941,0.7294523209353017
348,0.9999969305178444,7.032132132132132,0.1827379671835116,5.093683018798085,0.6942294907228745
349,0.9999975224030392,7.052052052052051,0.22750170983470444,5.101147045600122,0.7307453779412666
350,0.9999976637155664,7.071971971971972,0.2323408105973667,5.1131095826982484,0.7341129732966137
351,0.9999976411377574,7.091891891891891,0.2087881703802129,5.1295238379509,0.7134725523409498
352,0.9808786495110902,7.111811811811811,1.7676645779045868,4.129538928789763,0.5795711086966425
353,0.999997135082658,7.1317317317317315,0.9154247045317282,6.486401928443483,1.6902239112705497
354,0.97931402572124,7.151651651651651,1.743310784533576,4.129431515160941,0.5651109387953818
355,0.9854783927024203,7.171571571571571,0.5190607506763665,4.383884935988368,-0.7737334974169522
356,0.9970436264252093,7.191491491491491,-2.6742033386649466,3.580877680781129,-0.5772373373102858
357,0.9772078199631025,7.211411411411411,1.7484877949169402,4.147430408794809,0.6157307609711999
358,0.9973085729706611,7.23133133133133,-2.634411245293283,3.597975425338379,-0.5457522581094697
359,0.9877380498357543,7.251251251251251,0.5470850755661008,4.434992486296674,-0.7428631560054525
360,0.9882901355451957,7.27117117117117,0.553834259530272,4.447545991377018,-0.7346159864948109
361,0.9888359850742287,7.291091091091091,0.5607589117641563,4.4597499439298325,-0.7261584153764312
362,0.9893750426424593,7.3110110110110105,0.5680744800760776,4.472000154201384,-0.7179480673732577
363,0.9899067228083995,7.33093093093093,0.5751569809655918,4.484281017900579,-0.7095880613695895
364,0.9999995976515609,7.3508508508508505,0.2650786032830103,5.273629817934794,0.7468401928038517
365,0.9909455833935027,7.37077077077077,0.5896069700845744,4.507513424873718,-0.6913384730129385
366,0.9914515446941721,7.39069069069069,0.5981745592315694,4.518714201969386,-0.6823551630293175
367,0.9984838624215738,7.41061061061061,-2.5083737245329756,3.655736084247937,-0.41686281703782335
368,0.9924335716975259,7.43053053053053,0.6122598617673435,4.541880345016599,-0.6643145328082031
369,0.9929083322564581,7.450450450450449,0.6197621800943026,4.552796813479326,-0.654686312675668
370,0.9999999903882602,7.47037037037037,0.28087237667712095,5.338485319368936,0.7506750985471674
371,0.9938222748785747,7.4902902902902895,0.6351976144400956,4.574526754297476,-0.6351208233144642
372,0.9990099455421981,7.51021021021021,-2.4400875227507512,3.6910934871876675,-0.3472157407136541
373,0.9946847463617025,7.5301301301301296,0.6508984680782519,4.594668887834728,-0.6148565723502066
374,0.995095179070197,7.550050050050049,0.6588969063412713,4.604499376265819,-0.6041940716680866
375,0.9999998328035608,7.56996996996997,0.2902983190559307,5.394234270444091,0.7486827401738447
376,0.9999997199803673,7.589889889889889,0.289064583991497,5.408188643834928,0.7449319276710631
377,0.9994114043659275,7.609809809809809,-2.378433733874869,3.7268750474795374,-0.2789009921686359
378,0.9965855240807615,7.629729729729729,0.6883033028236674,4.641514327730128,-0.5587266538847365
379,0.9995365786582315,7.649649649649649,-2.3547145393563653,3.7413010801208935,-0.25220355527529414
380,0.9995919287101247,7.669569569569569,-2.3444586173309228,3.748490452996446,-0.23854872509279929
381,0.9996426363953044,7.689489489489489,-2.333365796283383,3.7557543502963306,-0.22529906243775547
382,0.997811447986814,7.7094094094094086,0.7178406634417718,4.673768388425769,-0.5093308409421705
383,0.9987804407879601,7.729329329329329,-1.455323504216799,3.6041457359341424,-0.44722071926301604
384,0.9983186089789984,7.749249249249249,0.7321747268880779,4.687292333055063,-0.48237318689317327
385,0.9999969994128892,7.769169169169168,0.26965862401835555,5.570693774069808,0.6970474661955645
386,0.999996574500296,7.789089089089089,0.27306048652972165,5.586594289265557,0.6962390056423873
387,0.9989440674203856,7.809009009009008,0.7524609867147948,4.705373356977836,-0.439850030396895
388,0.9991167189591854,7.828928928928928,0.757809704750742,4.7104705929337145,-0.4243387658161756
389,0.9999037196573235,7.848848848848848,-2.2596839870332017,3.8121011756358123,-0.11975893477398179
390,0.9994095990252463,7.868768768768768,0.7686077291484207,4.719698796111532,-0.3929663031584365
391,0.9996222267347113,7.888688688688688,-1.2712394875525441,3.4358955150933315,-0.3280564522466959
392,0.9999938580696355,7.908608608608608,0.29972172535488684,5.6460842617999445,0.7002232741943643
393,0.9999597689524092,7.928528528528528,-2.231726088198898,3.8389657185611834,-0.06783976542800103
394,0.9997876030211699,7.948448448448448,-1.224495870144432,3.4479441510551494,-0.2925195965177508
395,0.9998589162137833,7.968368368368368,0.783793326041684,4.737968690502989,-0.3070941343932953
396,0.9999060539165552,7.988288288288287,0.7816230306452806,4.742263552573457,-0.288477040970767
397,0.9999904508408385,8.008208208208208,0.30500740182844566,5.735335286772235,0.6820233066249771
398,0.9999661320756597,8.028128128128127,0.7640546361637011,4.756419115459181,-0.24983665444875963
399,0.9999388433985114,8.048048048048049,-1.148811545483257,3.481628816650014,-0.23772657223810523
400,0.9999919438292412,8.067967967967968,0.7262445502556497,4.787236848682246,-0.2135917891519272
401,0.9999971234263104,8.087887887887888,0.7033559158866335,4.811021182407112,-0.19882939974520095
402,0.9999994551008838,8.107807807807808,0.6826128473193968,4.837130804445112,-0.18610340289816935
403,0.9999887875940839,8.127727727727727,-1.9659014277112885,3.9456550507337065,9.068438671343477e-05
404,0.9999894666598729,8.147647647647647,-1.9390070883219155,3.9568621555000836,0.0060235608837152935
405,0.9999900079719743,8.167567567567566,-1.9154584293734804,3.9675256607018796,0.012751395107483538
406,0.999830826303598,8.187487487487488,1.0369374380776202,4.691914146130793,-0.15125291642662453
407,0.9999861937328817,8.207407407407407,0.24066346279560333,6.2041832978788305,0.5816098513739277
408,0.9999915606251425,8.227327327327327,0.6043359537656564,5.007836012561374,-0.1336344970614749
409,0.999990397465834,8.247247247247246,-1.8423536257570674,4.006750767758651,0.044275113258412456
410,0.999990879965897,8.267167167167166,0.026143591261350938,6.471309878882513,0.5587845801885843
411,0.9999970565887778,8.287087087087086,-0.9760851475562999,3.6076620008154046,-0.12368765180568518
412,0.999995463452675,8.307007007007007,-0.9625197955601924,3.6209117423505015,-0.11527786752332468
413,0.9999784915835302,8.326926926926927,0.5759061602280476,5.143995343831595,-0.0982282718234622
414,0.9999921662069875,8.346846846846846,-0.9358464166253527,3.647480406833818,-0.09883717123493817
415,0.999493247299179,8.366766766766766,1.049803255118331,4.645106619515168,0.02476407161455537
416,0.9999716086896315,8.386686686686685,0.46185832278152783,5.615282291357842,0.8117170188325348
417,0.9999933280776554,8.406606606606607,-0.7349583770371945,7.03589897891605,0.11001393715742597
418,0.9999704356499451,8.426526526526526,0.44206178177507793,5.733771716379877,0.7507261065517533
419,0.9999654301431076,8.446446446446446,0.561271079637791,5.296071427618001,-0.05337120581978579
420,0.9940178652814363,8.466366366366366,3.50688926812702,5.9285395515379875,0.35308388006293184
421,0.9999644824784274,8.486286286286285,-1.6982299866660862,4.113027578067597,0.14827523177739482
422,0.9999859523967998,8.506206206206205,-0.8345293812738308,3.7628364768381086,-0.03553738695898982
423,0.9999897531773425,8.526126126126126,0.23105482797890567,6.773139096161359,0.5597148249808214
424,0.9998764961345276,8.546046046046046,1.9800963513011811,4.519255143246393,0.12331154409946257
425,0.9999592539167981,8.565965965965965,0.5587279172531217,5.437586027208717,-0.0020755490729963515
426,0.994740521166354,8.585885885885885,2.854635321978815,3.3702813289695555,-0.3317714996388893
427,0.9999230804964019,8.605805805805804,-1.6677511676470653,4.156417316831321,0.20574494154122364
428,0.9999593547137752,8.625725725725726,0.5601303306043346,5.506894986617631,0.025256634248705834
429,0.9957921670051791,8.645645645645645,2.8177756304079953,3.4007560105670924,-0.30265708530960256
430,0.999960586406531,8.665565565565565,0.5619067726561942,5.552113975493329,0.04472800550825048
431,0.9999944817871168,8.685485485485485,-0.7366492408206732,3.919219014509517,0.025951715234142636
432,0.9999710044244333,8.705405405405404,0.6875726556543738,8.647630251657645,-3.999999999994306
433,0.9999639935413045,8.725325325325324,0.5655016419102585,5.619010259464599,0.07617717454488186
434,0.9999116888311738,8.745245245245245,2.341517435549971,4.209208712634805,0.37378040016410063
435,0.9999985749815411,8.765165165165165,-0.700037660232775,3.9974619881702487,0.05060926427545091
436,0.9976336786085224,8.785085085085084,2.723578759682778,3.4771259004801927,-0.24024186078206686
437,0.9999959289807769,8.805005005005004,0.28600541633456894,7.223796445978234,0.582593086369613
438,0.9999842544516395,8.824924924924924,0.710010737025502,2.7547466234478923,0.1409188943728157
439,0.9999968973369567,8.844844844844845,0.2911931516572173,7.289244378703729,0.5889643465402193
440,0.9999885307405771,8.864764764764764,0.7210748993023318,2.7927705718311038,0.15583601070067607
441,0.9999991520302115,8.884684684684684,-0.6529919221305922,4.1202656673645714,0.08609258171501465
442,0.9999647497420703,8.904604604604604,0.22352616462595962,3.6006710304473515,0.564929652159263
443,0.9999815133927235,8.924524524524523,2.3412797758989803,4.171553901493716,0.4509626005498805
444,0.9999956382183434,8.944444444444445,-0.6335516416309127,4.182854968443163,0.10335448016372258
445,0.9999938138153956,8.964364364364364,-0.6273950483531748,4.2029553676512625,0.10910827443531018
446,0.9999819634375674,8.984284284284284,0.564423242447452,5.716253548146368,0.42845932286126565
447,0.9999890069199578,9.004204204204203,-0.6099672602118335,4.235154328837172,0.12234482373266778
448,0.9999997861854398,9.024124124124123,0.7567598991380472,2.926948704613103,0.23227926417640057
449,0.9993583162774982,9.044044044044043,2.5311304385970494,3.625854335726593,-0.13413074660457056
450,0.9999844182595892,9.063963963963964,0.5577245291945564,5.551182561239552,0.6472182303875957
451,0.999999923298828,9.083883883883884,2.3000254895126897,4.170532350653487,0.49489351842932483
452,0.999995863773259,9.103803803803803,0.5100455287604501,4.400164597881095,0.5911988731691765
453,0.9999973435697176,9.123723723723723,0.5165833773529648,4.523269092372593,0.6001700007849328
454,0.9999621072426298,9.143643643643642,-0.5588299892178258,4.352165501251528,0.16613367654410047
455,0.9999991753061167,9.163563563563564,0.509005379316287,4.570971392684147,0.6152621468336095
456,0.9999996842907224,9.183483483483483,0.5085222977806012,4.613799191711505,0.62369156016427
457,0.9999967930973295,9.203403403403403,0.6273624483346301,6.301748771438966,0.4023901232783636
458,0.9944624371193508,9.223323323323322,-2.5746658279279093,4.354665914576074,-0.3092791934272821
459,0.9949105305824127,9.243243243243242,-2.5751035135972886,4.3500593362121664,-0.2901125449544269
460,0.9999990237557128,9.263163163163162,1.819588943259646,4.4059778225113835,0.4860558630631531
461,0.9999986035997149,9.283083083083083,0.508957902954144,4.780468363903378,0.6668001210244606
462,0.996140880074371,9.303003003003003,-2.567957012288144,4.341319615655553,-0.23460564478402998
463,0.999625935539116,9.322922922922922,0.60192086087318,5.056289382566343,-2.1227041196285454
464,0.9968571412911932,9.342842842842842,-2.5581525992716476,4.338334654815527,-0.20083379976705878
465,0.9998221454755497,9.362762762762761,1.2224571081726494,4.23865691188172,0.5434894492604335
466,0.9974868642727267,9.382682682682683,-2.545132620222236,4.337377682696407,-0.16906648653513515
467,0.9998959476538515,9.402602602602602,-0.4282145720297313,4.4883946485332045,0.25561192531081495
468,0.9999353952023815,9.422522522522522,2.1406188631046255,3.8546049854528217,-0.0018609441253740417
469,0.999888153882445,9.442442442442442,-0.3994288627987616,4.492918519153991,0.27251605216694574
470,0.9999899177533917,9.462362362362361,0.3450486818275974,4.396930682265841,0.6680098391521113
471,0.999742939269185,9.48228228228228,0.5636846122753532,5.247790954506365,-2.119230663472696
472,0.9999704134449237,9.502202202202202,0.07128523631059154,4.1162252599488705,0.5904878903683308
473,0.9997681788247303,9.522122122122122,0.5597768617944002,5.295723718394974,-2.12071024661384
474,0.9997804474031153,9.542042042042041,0.558514732482705,5.3194357526911435,-2.1213184865210075
475,0.9993113630096923,9.561961961961961,-2.4548925926471847,4.349495178758357,-0.039439730532125385
476,0.9999846089753045,9.58188188188188,0.012968892035440265,0.5628270932324982,0.5612894841699608
477,0.9999851071087847,9.601801801801802,0.23820098662952738,4.342737396495486,0.6619445868147419
478,0.9999144274328882,9.621721721721721,-0.13001954167921043,4.257290056184992,0.4719822047458073
479,0.9998386971627138,9.641641641641641,0.557350135848675,5.438009050180716,-2.1258797664688314
480,0.999849716639454,9.66156156156156,0.558043248898062,5.461703749900691,-2.1271528379911366
481,0.9999814014372974,9.68148148148148,0.14968126911903895,4.318626655943856,0.6363396640779696
482,0.9998412112499717,9.7014014014014,-2.35435388134828,4.373955959516873,0.052639971942530686
483,0.9998750752740614,9.721321321321321,-2.3373220561979937,4.378887525624452,0.0650714930220991
484,0.9999868562305788,9.74124124124124,0.22756148295459677,4.437460476418473,0.6752868507389557
485,0.9999499477209853,9.76116116116116,-0.029310502901471126,4.35256754943137,0.5404970294573054
486,0.999921202135544,9.78108108108108,-0.1063314385761369,4.4375661012622265,0.4802015249425113
487,0.9999099670536994,9.801001001001,-0.132832829497168,4.491697869331484,0.46034315914841323
488,0.9999867632345055,9.820920920920921,0.3772049305763692,4.730813005454202,0.756230674943649
489,0.9999543048591938,9.84084084084084,-2.179945333060638,4.450667069193497,0.10919715390304453
490,0.9999558063949983,9.86076076076076,-2.1419773425588864,4.472706861398036,0.10912476374207802
491,0.99998710592311,9.88068068068068,0.19274802487743348,4.503937999383477,0.6751129373273708
492,0.9999882302601004,9.9006006006006,0.34756453848003094,4.718061885847153,0.7545463303924748
493,0.9999865484797347,9.92052052052052,0.38275453952604044,4.7962608238330535,0.7769465462800866
494,0.9999723530599427,9.94044044044044,0.061993282398361424,4.498635698123583,0.6035858156894354
495,0.9999245890961459,9.96036036036036,-0.08291446648286963,4.615963609877612,0.496108711246102
496,0.9999487292578603,9.98028028028028,-1.9608969599768802,4.573506397506132,0.13533292732518545
497,0.9999898224218391,10.000200200200199,0.3318265042087696,4.744392721386054,0.7603066506612107
498,0.9999434874752968,10.020120120120119,-1.9194898462967687,4.590656057007043,0.15768710822922513
499,0.9999900710609215,10.04004004004004,0.6096068762945491,5.889124898291999,-2.122351083476834
500,0.9999923443937077,10.05995995995996,0.6133945291588557,5.908677739483003,-2.116779620891897
501,0.9999940536840798,10.07987987987988,0.6171987547654518,5.927784305016148,-2.110359855836871
502,0.9999952186209735,10.099799799799799,0.6209333398245527,5.946155044971699,-2.102470407126293
503,0.9999925132227281,10.119719719719718,0.24754902746822993,4.705980111069776,0.7256676193919687
504,0.9999799533403354,10.13963963963964,0.09248170730726388,4.666204731904926,0.6286547733604196
505,0.9999901205793421,10.15955955955956,0.17663508836112002,4.68541330045324,0.6852678438616465
506,0.999953630530719,10.179479479479479,-1.828207738613065,4.558645590854886,0.35039704256127
507,0.9999939913870546,10.199399399399399,0.2805254806351196,4.782131165354703,0.7523009251694733
508,0.9999917508794808,10.219319319319318,-1.7170192569467473,4.572118044196335,0.4451778755469316
509,0.9999613095509795,10.239239239239238,0.014138522136687325,4.802832237449535,0.5698391446102794
510,0.999948585626548,10.259159159159159,-0.025781881497583935,4.870213033287072,0.5392651935462297
511,0.9999448800765014,10.279079079079079,-1.6745364603982624,4.651902078722173,0.3724857304185442
512,0.9923517608508529,10.298998998998998,0.6009086236171985,4.671220562362052,-0.6016361953158006
513,0.9999517204970179,10.318918918918918,-1.5735039450956538,4.677928431840182,0.4404173698193626
514,0.9999839535767542,10.338838838838837,0.11267700676821003,4.818051925304734,0.6434273885399531
515,0.9999946131155095,10.358758758758759,0.21015773041376956,4.82642980057949,0.7165500517063341
516,0.999995859082929,10.378678678678678,0.230084470200041,4.846355763815836,0.7306355484882805
517,0.9936871279329976,10.398598598598598,0.6210481600979425,4.671302087070969,-0.5377189739938258
518,0.9997924936801389,10.418518518518518,-1.4932985378652381,4.818529658539324,0.3401808031856458
519,0.9997737103662154,10.438438438438437,-1.4736361330214482,4.829918917981491,0.351006409090181
520,0.9999344589382166,10.458358358358357,0.7115425381634403,6.30648267511818,-2.0248824949638995
521,0.9918275968051679,10.478278278278278,0.5063468668337481,5.377163699999832,-0.8696534502564159
522,0.9999884830811588,10.498198198198198,0.4294475099110995,5.093965577105509,0.8738497671156786
523,0.999799963384803,10.518118118118117,-1.3027453053924212,4.892025175274606,0.4547339655705135
524,0.9999946532458144,10.538038038038037,0.381652149580359,5.038278424050191,0.8430392057133439
525,0.9999990733615347,10.557957957957957,0.2888239883223812,4.968781283588984,0.7786614309701873
526,0.9960362360195346,10.577877877877878,0.6629276587589766,4.684358205951616,-0.4371446505901254
527,0.999999402241443,10.597797797797798,0.2888304469787688,4.98766596970723,0.7797850441237206
528,0.9999959829219828,10.617717717717717,0.372456035535449,5.055877651238717,0.8416070439337644
529,0.9999996637702141,10.637637637637637,0.29013598556208486,5.007513155787999,0.7816964844133606
530,0.9999919494925505,10.657557557557556,0.16591526194745562,5.031405363484265,0.6832396567545799
531,0.9999558807072109,10.677477477477476,-0.5334476596863288,5.400004237852853,0.5433625871297336
532,0.9974101418099258,10.697397397397397,0.6940127968617807,4.697252459645131,-0.37585714310374974
533,0.9999682126519868,10.717317317317317,-0.543812486540296,5.413104837289756,0.5474971571964763
534,0.9993277938337947,10.737237237237236,-1.0011833969349928,5.88640940823372,-0.08131038464279436
535,0.9980056931948988,10.757157157157156,0.7107301562940039,4.7027827093278525,-0.3460385902746926
536,0.9999999802034384,10.777077077077076,0.2884057624296378,5.0739505390962085,0.7817145236280862
537,0.9999998705339515,10.796996996996997,0.27812896456723785,5.083690226508897,0.7731161524322202
538,0.9985286431853122,10.816916916916917,0.7275494715162364,4.708628467176277,-0.31691404937023454
539,0.9986826025954417,10.836836836836836,0.747668131614552,4.703070038043923,-0.3069351987469038
540,0.9995662533537654,10.856756756756756,-0.9421854090099168,6.177751104574869,-0.11112813158343929
541,0.9989727137654059,10.876676676676675,0.7412560793195457,4.713716304874917,-0.2870824726286588
542,0.9999991267037059,10.896596596596597,0.2713138183175874,5.13452349957987,0.7658108838281255
543,0.9992229500990083,10.916516516516516,0.7513947394360153,4.716241263330444,-0.2669874604509261
544,0.9996997775573538,10.936436436436436,-0.9149207843983368,6.316227741494979,-0.10393623705956792
545,0.9994358694101259,10.956356356356356,0.7609242899982347,4.718306583541823,-0.24696918567959714
546,0.9995283566316957,10.976276276276275,0.7645062258453234,4.71951264748256,-0.2367939723356706
547,0.999611615118434,10.996196196196195,0.7684122408976111,4.7204386284784565,-0.2265968488679394
548,0.9999969376880872,11.016116116116116,0.3450457035510721,5.1889957541954,0.8251491809415559
549,0.9998193316443315,11.036036036036036,-0.8861368468874237,6.460871897001302,-0.08280203594240881
550,0.999997792106249,11.055955955955955,0.29913916085208153,5.21306691112312,0.7833924033123985
551,0.9999974351120222,11.075875875875875,0.30527032952969246,5.22158275620668,0.7879345454635782
552,0.9999920128377915,11.095795795795794,-0.4275140179806731,5.676122443872212,0.5569097335168889
553,0.9999901010613906,11.115715715715716,-0.42336523929783576,5.690432803612009,0.5566965001228524
554,0.9999523729996697,11.135635635635635,0.7647626360546365,4.738023004826565,-0.15341728794902934
555,0.9999001111685863,11.155555555555555,-0.8519642321124319,6.598732156670638,-0.04853451583064366
556,0.999908395241808,11.175475475475475,-0.8465275197787792,6.619921622990414,-0.04249199054375151
557,0.9999155309144632,11.195395395395394,-0.8411743497577323,6.641052734852735,-0.03621469429072107
558,0.9999797215685488,11.215315315315314,-0.3666952063754463,5.780509749488714,0.5574833882477198
559,0.9999775846403509,11.235235235235235,-0.3590462489170519,5.798707794099591,0.5569543214084461
560,0.9999756155879894,11.255155155155155,-0.34607393249799034,5.818211916251067,0.557112189385966
561,0.9999348716686566,11.275075075075074,-0.8167046672835662,6.715537552228692,-0.011136984365853213
562,0.9999718335985883,11.294994994994994,-0.31990223739836215,5.8579979321093045,0.5572172260702518
563,0.9999701091593347,11.314914914914914,-0.30522995471233305,5.878591011245799,0.5570463001274157
564,0.9999685340149319,11.334834834834835,-0.29479136746099105,5.897304424183684,0.5573068593501896
565,0.9999444261240577,11.354754754754754,-0.792618700714748,6.7861766407653485,0.014163410789121072
566,0.9999902017939305,11.374674674674674,0.5995140533722213,5.017762085255732,-0.07113110708182657
567,0.9999645530841692,11.394594594594594,-0.2533107770649698,5.959154350346789,0.5572963610021237
568,0.999963314745407,11.414514514514513,-0.2507599215557459,5.975992784261666,0.5569933634917258
569,0.9999825085212719,11.434434434434433,0.5824115493020439,5.099030832811824,-0.058958272763665456
570,0.999983458938812,11.454354354354354,0.24701637767026463,5.5877131231098796,0.6783719125559744
571,0.9999823791651654,11.474274274274274,0.24471972156198019,5.617898620085089,0.6717247746186459
572,0.99997501418889,11.494194194194193,0.5709017913988631,5.177767911692685,-0.04663848864029904
573,0.9992744976229907,11.514114114114113,-2.2466715632839493,4.87166507035375,-0.8790310503074013
574,0.9996732346411074,11.534034034034033,0.5911129430082642,1.340895434733567,0.20920025562557917
575,0.99996846046797,11.553953953953954,0.5638376771130004,5.253968900861158,-0.034480534607362716
576,0.999959514110029,11.573873873873874,-0.10446913569669702,6.156631384528655,0.5583667267069777
577,0.9999592908015145,11.593793793793793,-0.006453577892492573,6.184105223133295,0.558431700775826
578,0.9999575212718065,11.613713713713713,-0.1673866089467771,6.165875318420717,0.5554907093428971
579,0.999962093457899,11.633633633633632,0.5592051648389955,5.350458313495978,-0.01740517020636289
580,0.9999610132985987,11.653553553553552,0.5588306765698001,5.374475044265767,-0.013135838764422291
581,0.9990210561587524,11.673473473473473,-2.058183265751899,5.058013275259494,-0.8494176328084418
582,0.9999829221219994,11.693393393393393,0.33208543511483674,5.5993991929813385,0.7324221671148808
583,0.999959171304133,11.713313313313312,0.5587358650611437,5.444826383594518,2.5459988724556886e-05
584,0.9999590354173571,11.733233233233232,0.5590566477562232,5.467304853106088,0.004718644124600649
585,0.99995914051827,11.753153153153152,0.559658969978148,5.490287979706724,0.00920980558598134
586,0.9999837421531758,11.773073073073073,0.3861774238393686,5.524777538456398,0.7954475642779256
587,0.9999600637748518,11.792992992992993,0.5612489419239085,5.536111411911013,0.01820869812333181
588,0.9999488807472512,11.812912912912912,0.5981159315417887,5.4307914720600525,1.0357798837884848
589,0.9999593969185576,11.832832832832832,0.04601960568006989,6.4277433509998,0.558634060862052
590,0.9999631388425563,11.852752752752751,0.564776735479467,5.60340573174079,0.032115283921169066
591,0.9999595115943062,11.872672672672673,0.05140289131423377,6.471602867319752,0.5588343549935183
592,0.9999626583857086,11.892592592592592,0.2478487826678526,6.297346980862928,0.5738528819740304
593,0.9999679687205469,11.912512512512512,0.5695638355797573,5.67070570121851,0.045952007459839746
594,0.9999820467733381,11.932432432432432,0.38598746417354013,5.669035806862018,0.7478040516145354
595,0.9999719409058891,11.952352352352351,0.57343839553361,5.715542667603471,0.05522298469290774
596,0.9999830594343239,11.97227227227227,0.4140718548421948,5.60250083681875,0.7888657001252662
597,0.9968971621030006,11.992192192192192,-1.7690415700452804,5.346856297066437,-0.7695462724667659
598,0.9967172219236929,12.012112112112112,-1.7629765013094794,5.338635066681325,-0.7571899079748823
599,0.9999808960934379,12.032032032032031,0.5824912929893225,5.805438961764512,0.07356725669345919
600,0.9999831943456877,12.051951951951951,0.5850820157740082,5.8284275159646395,0.07790543133669012
601,0.9999626138611419,12.07187187187187,0.14951234818821366,6.708587544472128,0.5611001702025397
602,0.9958668544722798,12.091791791791792,-1.7317083783552505,5.314553487457808,-0.7092388464436352
603,0.9999897769513184,12.111711711711711,0.5935902020749955,5.897290210717245,0.09102259035744908
604,0.9999845816961305,12.131631631631631,0.42886546376307605,5.720698842981053,0.7507259177297708
605,0.9999936096731755,12.15155155155155,0.5999221247763131,5.943816373625022,0.09951261498040834
606,0.999985392446546,12.17147147147147,0.43250532977266054,5.767443609050713,0.7340267699064462
607,0.999996726831771,12.19139139139139,0.6066159797127382,5.990438386886114,0.1078480817305783
608,0.9999792703216446,12.211311311311311,0.377205855932226,6.547728838883268,0.5702511460933515
609,0.9999975072133956,12.23123123123123,0.7705151223176527,0.49588030859470167,0.4891978302188096
610,0.9999878282536209,12.25115115115115,0.44091106690930515,5.903587749773897,0.6878400254761489
611,0.9940026926074222,12.27107107107107,-1.6032177697322985,5.440287807046312,-0.6593536261379864
612,0.9999999734858533,12.29099099099099,0.6261298070421794,6.111414091199519,0.12644821128185005
613,0.9936011791502601,12.310910910910911,-1.5922793567086129,5.418833118289848,-0.6344763840550808
614,0.9999917367058688,12.33083083083083,0.4570560909060071,6.073683940720571,0.6415081200588119
615,0.9963579531121239,12.35075075075075,-2.3891800847395115,4.436783942190314,-0.24538021726299994
616,0.9999965342807281,12.37067067067067,0.6453349340647623,6.214398192120602,0.13744180294381897
617,0.9928288295270266,12.39059059059059,-1.529973263725161,5.515667981598077,-0.6242841479941399
618,0.9999926097005878,12.410510510510509,0.6574194599862716,6.273038602296913,0.1388428783563789
619,0.999976886564729,12.43043043043043,0.590889378678819,5.961562415506409,0.3114453786200312
620,0.9999980845771521,12.45035035035035,0.4926755794043371,6.281606724227285,0.5981144141129462
621,0.9999986440903417,12.47027027027027,0.5896743129549504,4.646255233460023,0.5043182258376695
622,0.9999937902389191,12.490190190190189,0.5725976361417984,8.558303562776102,0.46784215720192535
623,0.9999998030175289,12.510110110110109,0.5138870509466271,6.2797887313514,0.5911966867685309
624,0.9981923241706261,12.53003003003003,-2.423160654906406,4.390774311871841,-0.13172310401435647
625,0.9983661457270303,12.54994994994995,-2.422303388371526,4.3884138695495425,-0.12068490268915763
626,0.9999931936427489,12.56986986986987,0.4471952068252527,7.563414823336044,0.5789182202110464
627,0.9999977196580977,12.589789789789789,0.5321917010774071,5.943041567392885,0.6292780582689628
628,0.9999966713140642,12.609709709709708,0.5356228007634324,5.887037571941005,0.6326975520155518
629,0.998967841946432,12.629629629629628,-2.410699288917959,4.383944395971921,-0.07894684692060296
630,0.9990935350913216,12.64954954954955,-2.4066722428412763,4.383412164603157,-0.06883801985027833
631,0.9992091636411016,12.669469469469469,-2.401041439829451,4.383701834278729,-0.059216626042066775
632,0.9993148086232467,12.689389389389389,-2.3951353742947576,4.384194251681755,-0.04955575016180473
633,0.9994106178914313,12.709309309309308,-2.3891240350301857,4.384705091552453,-0.03998568044440275
634,0.9999875437608273,12.729229229229228,0.5576382259315795,5.525362340490329,0.6317793246655877
635,0.999981512505481,12.749149149149149,0.6089337276775039,6.816663774830792,0.549036325229236
636,0.9999624767694354,12.769069069069069,0.5483885764939502,5.446871850839421,0.9542632705967025
637,0.9999805426671557,12.788988988988988,0.5586848565431253,5.452041203857838,0.6604921734325536
638,0.9999849116083368,12.808908908908908,0.7076030688514073,7.705647785791351,0.5508652583152785
639,0.9999748156944983,12.828828828828827,0.6587573490914258,7.257176547248007,0.5585224885560935
640,0.999833092093239,12.848748748748749,-2.31427715336287,4.40766050707681,0.01813074240132919
641,0.9999766594658505,12.868668668668668,0.714142967856614,7.563868119339663,0.558385767436258
642,0.9999815122314516,12.888588588588588,0.2340619420457317,7.640303652053769,0.6536655578061742
643,0.9999657908343973,12.908508508508508,0.555588007629902,5.501810342511235,0.7892884942161136
644,0.9999208412157244,12.928428428428427,-2.242678985463234,4.439200859601112,0.043078471678290195
645,0.99997137277619,12.948348348348347,0.7830156039083443,7.7191986142803,0.5546641298196495
646,0.9999625254458416,12.968268268268268,0.5547386732272493,5.483808399778097,0.8338735499064369
647,0.9999424567334403,12.988188188188188,-2.1615517548846364,4.482468732219564,0.05338750921432719
648,0.9999659878838079,13.008108108108107,0.8065149429924292,7.704661191551084,0.5568291059847874
649,0.9999396134169748,13.028028028028027,-0.049061428207891805,7.646657677687574,0.5200148811091491
650,0.9999450594889274,13.047947947947947,-2.072962321245544,4.533286338238491,0.06057005032319523
651,0.9999618668068981,13.067867867867868,0.8308127633340467,7.697963782647533,0.5582345617559176
652,0.9999892075024269,13.087787787787788,0.6192100171406824,1.6605567534477195,1.1364250467988846
653,0.9999600084164508,13.107707707707707,0.8453755989438704,7.687462182630315,0.5581814982992507
654,0.999934488590612,13.127627627627627,-1.96514533644261,4.597766302330966,0.07235642546315776
655,0.9999584119111999,13.147547547547546,0.5615794866869867,5.3795414345989645,1.0684767123641905
656,0.9999590192540301,13.167467467467466,0.8688663707643417,7.682286495404202,0.5576526376012072
657,0.9999591689322535,13.187387387387387,0.8760986875441416,7.6779419874386745,0.55694653405266
658,0.9999128366574876,13.207307307307307,-1.8782061254708904,4.64921282339722,0.08830954930058006
659,0.9999820377493837,13.227227227227226,0.1133080782033855,7.7850775212321865,0.636884429375913
660,0.9999611526320047,13.247147147147146,0.8971795426242803,7.661812413497465,0.5531605857876131
661,0.9998886472935977,13.267067067067066,-1.8213987182715654,4.6827159350783205,0.10570049909277038
662,0.9998793494195533,13.286986986986987,-1.8084156185428621,4.6882935130032175,0.11340297599593237
663,0.9999578160747494,13.306906906906907,0.5591647102058819,5.388116448707382,1.088601682154771
664,0.9998588208485256,13.326826826826826,-1.7802726435687535,4.7024415496204295,0.12723950522924443
665,0.9999593490125384,13.346746746746746,0.5580529533641754,5.411265583578168,0.9931838329321473
666,0.9998355612684932,13.366666666666665,-1.7461870482943465,4.720597469248461,0.1401819305700894
667,0.999974714473097,13.386586586586585,0.9461102567055792,7.600768070569329,0.5252865140686376
668,0.9999885279115897,13.406506506506506,0.6051662773648883,1.6365691091744616,1.1908630668484605
669,0.999836879399027,13.426426426426426,-2.882494455409073,7.359388386034819,-0.816695659749726
670,0.9999850383791783,13.446346346346346,0.9735416590231507,7.52429080980459,0.4718913925659507
671,0.9999670832902047,13.466266266266265,-2.240170418689287,4.258613050751259,0.47835510630611733
672,0.9959070626123905,13.486186186186185,0.7854694700561938,8.839750934162952,-1.549837772772502
673,0.9999865517089698,13.506106106106106,-0.7552995910210893,7.983719228209441,0.544115283268233
674,0.9917253669187222,13.526026026026026,-2.1977858173391556,7.560348416706695,-1.063502503806588
675,0.9999928186482854,13.545945945945945,1.0390596086589379,7.596191217581084,0.434599857590999
676,0.9999866092836869,13.565865865865865,1.045488099860514,7.6298449107214665,0.45382796522315405
677,0.9999948454367763,13.585785785785784,0.24239893392891032,8.115276360309267,0.732102989727742
678,0.9999606753115433,13.605705705705704,1.0637489475666075,7.724169786432884,0.49434136881540114
679,0.9999956900706894,13.625625625625625,0.24741674554667314,8.143656493030985,0.7374861753129441
680,0.9999892857384596,13.645545545545545,0.14125668178541595,8.100409983532352,0.6667311843335011
681,0.9999964846752915,13.665465465465465,0.25089508461312116,8.169272236164229,0.7418585538571
682,0.999895981774778,13.685385385385384,1.1233265677183142,7.738212416301477,0.43228957699096054
683,0.9997017689874973,13.705305305305304,-1.7557616868553034,4.602541700514924,0.36550227221924714
684,0.999971078361098,13.725225225225225,0.5648345644565979,5.30727324409087,1.9290983382089666
685,0.9999241272960988,13.745145145145145,-1.6405344811145557,4.564139173873275,0.5129770950852582
686,0.9997777212334467,13.765065065065064,1.1651990292589174,7.886663734531382,0.4962359309398718
687,0.9990798878115607,13.784984984984984,-2.7073249573477507,7.534861249859162,-0.6419380027106568
688,0.9996870821235402,13.804904904904904,1.1938464594306761,7.956601538055085,0.5147712658102575
689,0.9992480539228993,13.824824824824823,-1.0264210356697723,5.748768623395453,-0.03786245374867746
690,0.999594400104501,13.844744744744744,1.2166474872763309,7.998835893610475,0.5232655069236435
691,0.9999742906661501,13.864664664664664,0.5596736629437953,5.373989964404783,1.6476854589864443
692,0.9995189874870354,13.884584584584584,1.2497302166447035,8.014990533293867,0.5012247854476298
693,0.9984487182500023,13.904504504504503,-2.6482611528618056,7.590467610176455,-0.5882497004701864
694,0.9999685036565155,13.924424424424423,0.044227791428383484,8.442004659390387,0.5839580007301288
695,0.9998344125728263,13.944344344344344,1.9759656373425827,8.414083137613682,0.5567696667147116
696,0.999996072266845,13.964264264264264,0.35229187055665323,8.438120518698243,0.8224811042940555
697,0.9999556239739298,13.984184184184183,0.7338558185668319,6.422706051490241,-0.8361350657341629
698,0.999212843823566,14.004104104104103,1.407993162503465,8.260344734237831,0.5363852116844173
699,0.9996358124474988,14.024024024024023,-0.8992086232648948,6.229337045455384,-0.08057129730988083
700,0.999951663487699,14.043943943943944,0.758272087935543,6.500900259693483,-0.8411102300177944
701,0.9995069869501406,14.063863863863864,1.702518252322637,8.482588709575177,0.5623547914310131
702,0.999731438674906,14.083783783783783,-0.8804070809895869,6.339109177192598,-0.07817144080014227
703,0.9999996432279142,14.103703703703703,0.27050561881909674,8.416974385028697,0.7673577923721647
704,0.9999524391494583,14.123623623623622,0.568435281738266,5.547356416546649,1.5172456174393165
705,0.9975717335861948,14.143543543543542,-2.5428879858671483,7.680007607414075,-0.4882446144246552
706,0.9999937062584431,14.163463463463463,0.19126266048171492,8.464047374464624,0.6948389674401253
707,0.9961450025839551,14.183383383383383,0.5589748441955016,8.364388081121316,-0.44637449528725637
708,0.9963344339358499,14.203303303303302,0.5615680155858375,8.368254385410742,-0.43612260815755005
709,0.9998792276166036,14.223223223223222,-0.8508788282883314,6.535890197071636,-0.05609297413989582
710,0.9999790669311288,14.243143143143142,0.4684049576665513,5.136251813031924,0.8959296450288005
711,0.9999033215378449,14.263063063063063,-0.8447559313296901,6.581911773734668,-0.04714166131610767
712,0.9974524227312896,14.282982982982983,-2.486204801852686,7.7295931887523475,-0.42968516101375726
713,0.9974600084371372,14.302902902902902,-2.4783197251506968,7.736406188243293,-0.4215776647272348
714,0.9974733525294999,14.322822822822822,-2.470471559709761,7.743212750965934,-0.41350655986498686
715,0.999992791527106,14.342742742742741,0.8870453398601846,6.8617204419935005,-0.8506815447462122
716,0.9999694698939685,14.362662662662661,-0.2837720463897157,8.900445239171633,0.5535694564095431
717,0.9978234652710153,14.382582582582582,0.5850880592598533,8.415839322607924,-0.3525566962401384
718,0.9999929467106633,14.402502502502502,0.2308979380547873,8.608773743591497,0.7175779169523229
719,0.9999405133627698,14.422422422422422,-0.8095443054964078,6.721505357233584,-0.00847873873866464
720,0.9967905960063238,14.442342342342341,1.852774005983349,8.362119802326408,0.5738831094276133
721,0.9983534028161539,14.46226226226226,0.5960296406352297,8.437118324053122,-0.31667221835061626
722,0.9999387457299436,14.482182182182182,-0.7942042174416437,6.7645986795021145,0.006344657282652585
723,0.9999371587919785,14.502102102102102,-0.7895326410635555,6.779430741612142,0.011325144988400034
724,0.999999913223374,14.522022022022021,0.9619695645305766,7.042458031716665,-0.8358208096255235
725,0.9999998224322563,14.541941941941941,0.9701422821341952,7.061394430899724,-0.8334063167839627
726,0.9999910900953729,14.56186186186186,0.27363681896519604,8.680850006839163,0.748684015879334
727,0.9999897876852901,14.58178178178178,0.2612895536507125,8.706408760854867,0.7326017869130528
728,0.9999257001275957,14.601701701701701,-0.762428115229023,6.845347185379428,0.035830926674755806
729,0.9999998418081348,14.621621621621621,1.003125150015757,7.1351604844796315,-0.8228746650360278
730,0.9982621709047923,14.64154154154154,-2.3560158714048325,7.847147783136834,-0.2862488815228153
731,0.9999999999707929,14.66146146146146,1.019696629309797,7.171115220536692,-0.8171079619876744
732,0.999916008303287,14.68138138138138,-0.7417569395402211,6.898017718301099,0.05522007345918672
733,0.9999869001258801,14.701301301301301,0.27353444377690295,8.78250806858796,0.7299717322760211
734,0.9999118560395565,14.72122122122122,-0.7305030265541308,6.922107472626026,0.06474242613538292
735,0.9999904530179126,14.74114114114114,0.10711090557909844,12.945962034420246,0.5576892816811552
736,0.9999950746059922,14.76106106106106,1.0616775394845794,7.259605832707332,-0.8021364487177434
737,0.9996806129780293,14.78098098098098,0.6373379098109907,8.511317209165114,-0.17263230873727384
738,0.9999868057039422,14.8009009009009,1.0786006503931749,7.293714352548005,-0.7952875840824069
739,0.9999042984435589,14.82082082082082,-0.7043389073424594,6.9847695109239805,0.08854197245144747
740,0.9999713452923054,14.84074074074074,1.095296719422643,7.326897581146046,-0.788140561380843
741,0.9999846478270317,14.86066066066066,0.30363245706844,8.858113600724932,0.7445077135454762
742,0.9730678882924675,14.88058058058058,0.278746569477771,7.5271996707646975,-1.170110149987057
743,0.9999842298120991,14.900500500500499,0.3127603222458769,8.878607961149322,0.7490289390268743
744,0.9999000839077163,14.92042042042042,-0.6791816535507847,7.046742856019119,0.1120879274631056
745,0.9992665541007401,14.94034034034034,-2.273583276731365,7.936891622357391,-0.16633302799478938
746,0.9998988193329544,14.96026026026026,-0.668530098132434,7.070780637605935,0.12120432183758535
747,0.9998121874968957,14.980180180180179,1.1600218620908322,7.450434322998276,-0.7681543098654084
748,0.9997685689819664,15.000100100100099,1.1691205132638367,7.466565351091838,-0.7638846280048159
749,0.999984473404136,15.02002002002002,0.36362822755401886,8.88316294436533,0.8006666340050067
750,0.9999838559016554,15.03993993993994,0.7014287183115057,8.510355804031343,-0.05476579189048905
751,0.9999844652079756,15.05985985985986,0.3655790754082022,8.905058221513402,0.796968231298802
752,0.9995279623288728,15.079779779779779,1.2071792856259085,7.5352821167461785,-0.7520890794115012
753,0.9999791607308247,15.099699699699698,0.30419713244338514,9.105497888687912,0.6855001828969056
754,0.9996834688767245,15.119619619619618,-2.2369212542620773,7.987624603800642,-0.09360288205146491
755,0.9992137987164755,15.13953953953954,1.2071129819854496,7.542241744358079,-0.7153301161154384
756,0.9999838738900744,15.159459459459459,-0.011929966332538336,6.142019759263437,0.5587707668048749
757,0.9997796615723331,15.179379379379379,-2.2269272770654096,8.003692692904327,-0.06920517374728291
758,0.999981069209398,15.199299299299298,0.3242207203103353,9.159315681172464,0.6880848491387748
759,0.9999940900530546,15.219219219219218,0.8333527027270685,8.512343903578527,-0.014413561456120076
760,0.9998781465734207,15.239139139139139,-0.5910312126952829,7.230573797014745,0.18303410841643067
761,0.9999861115200301,15.259059059059059,0.3848307248387871,9.007964322780374,0.7867184993263573
762,0.9999864254331227,15.278978978978978,0.38665486774231655,9.019551611760134,0.7848292966969999
763,0.9999839327001773,15.298898898898898,-0.0033527752641725377,6.277159737405348,0.5590775202266316
764,0.999952288704287,15.318818818818817,0.8426619792607601,8.508221801374157,0.03288831676523169
765,0.9998588069788633,15.338738738738737,-0.5841485690133543,7.305073482371624,0.20753715123360097
766,0.9999878230591996,15.358658658658658,0.38128979420188264,9.115801719342551,0.747244430452817
767,0.9999588681886149,15.378578578578578,-2.1845180338115386,8.063558230506542,0.005953055930157283
768,0.9999885074270132,15.398498498498498,0.3766158900129475,9.191836360432013,0.7191190753663996
769,0.998943361260964,15.418418418418417,-1.3676034568508384,7.83130242920318,-0.28838612357132004
770,0.9964031907063099,15.438338338338337,1.2398516728413398,7.6280586079558885,-0.5734911046766363
771,0.9990258410630971,15.458258258258258,1.8565596150757242,8.066370688772828,-0.8095542288044034
772,0.9959071511936192,15.478178178178178,1.28277160221712,7.693350317269672,-0.5853737308004717
773,0.9999997993277313,15.498098098098097,0.5657613924246903,9.233922270504799,0.0468703279006291
774,0.9999999524159641,15.518018018018017,0.5679080900794422,9.266075162285437,0.04718727397511793
775,0.999991968738712,15.537937937937937,0.38351819658743236,9.436183977566271,0.6559689808009065
776,0.9999999560159849,15.557857857857856,0.5728884920739427,9.330056158137914,0.04737156835408398
777,0.9999854257600856,15.577777777777778,0.13828092657888225,6.57483810025207,0.5595319065413954
778,0.9999945693105515,15.597697697697697,0.41718397077002684,9.263590817116317,0.7240571132868495
779,0.9997990711527408,15.617617617617617,-0.43797460342865097,7.378864935978846,0.25869979206625426
780,0.9999255269221248,15.637537537537536,0.5829140870619746,8.61129034763206,0.28530775722194357
781,0.9997800426400737,15.657457457457456,-1.2884926924134317,7.881060765283194,-0.20210138704167346
782,0.9998516869897286,15.677377377377377,-0.27247200479991895,6.827398932768946,0.40080667175501183
783,0.9999928798796618,15.697297297297297,0.44451055535618217,9.175779769957296,0.7781653166626699
784,0.9998727089684958,15.717217217217216,-1.266327830126142,7.903382433615883,-0.18376305416096178
785,0.9999403274520705,15.737137137137136,0.5982882720160837,8.507352863865401,0.33923881135446454
786,0.9933167553781904,15.757057057057056,0.505504879234225,8.194723059265538,-1.0505047460196124
787,0.9998139974068766,15.776976976976975,-0.285553122121791,7.1218123646074325,0.35231942250854414
788,0.9999911255447468,15.796896896896897,0.4753729884475968,13.160665931920478,0.6343549405699123
789,0.9999536814819093,15.816816816816816,0.6087813183597097,8.431644057663155,0.3777908432697247
790,0.9999999834503782,15.836736736736736,0.4570000593643165,9.456164269035856,0.6785724234498177
791,0.9999594947692831,15.856656656656655,0.6126525839373692,8.398501443332178,0.3956825294226841
792,0.9999620558270393,15.876576576576575,0.6144184239604231,8.381246390189233,0.40446556131937034
793,0.9966081683741412,15.896496496496496,2.5569807350825036,7.485970242646445,-0.16656505118655074
794,0.9959122670673567,15.916416416416416,0.5445335014841282,8.2982304073884,-1.0150421701518069
795,0.9999815754534489,15.936336336336336,-0.016448895973746883,6.905645436002543,0.5564802171653963
796,0.9999982521877538,15.956256256256255,-1.1745261755955072,8.014495583271913,-0.11863832313609282
797,0.9999995241900319,15.976176176176175,-1.1670960537523887,8.022934430382334,-0.11210687030278627
798,0.9969814390902088,15.996096096096096,0.5636840701365381,8.34869838182353,-0.9965067627853466
799,0.9999970788961328,16.016016016016017,0.49547304105042267,9.415900745377932,0.6948723473698201
800,0.9974568858145388,16.035935935935935,0.5728316935161064,8.373006717326145,-0.9864908106901213
801,0.9976797048477667,16.055855855855857,0.5774163264365082,8.385459123981958,-0.9817838108594645
802,0.9999718767816221,16.075775775775774,0.632595233329634,8.17251884147606,0.48195306958721146
803,0.9982804737216229,16.095695695695696,2.473233002527982,7.611070929240281,-0.12408345880119533
804,0.9984030457834946,16.115615615615617,2.4639804397800473,7.62438188875441,-0.12027472795189544
805,0.998470755531999,16.135535535535535,0.5964342398453183,8.433500423396877,-0.9619858712990613
806,0.9999031446250176,16.155455455455456,-0.15476198602046012,7.30956652742289,0.4472669098679384
807,0.9988057379555831,16.175375375375378,0.60545580978012,8.457341445327113,-0.9518180821562199
808,0.9999945969552145,16.195295295295296,-1.082647944078512,8.139619283615655,-0.05759538100117079
809,0.999992901372059,16.215215215215217,0.11549867925448326,7.232877851566726,0.5957515908921115
810,0.9989980593737476,16.235135135135135,2.408778822732242,7.701591653709045,-0.0964422569954657
811,0.9999946785179415,16.255055055055056,-1.0595505285310627,8.173998956517368,-0.043718743251092006
812,0.9994644861144766,16.274974974974977,0.6298081961801196,8.513904780000257,-0.9256158469955642
813,0.9992170192400291,16.294894894894895,2.3796779225503086,7.7408612796675955,-0.08501654492844825
814,0.999994527091757,16.314814814814817,0.18178705026600328,7.37519934065539,0.6149665086073908
815,0.9997351212901238,16.334734734734734,0.6439482371401044,8.54730127888486,-0.9095486853861124
816,0.9993925807731728,16.354654654654656,2.3478756839037214,7.781899534719097,-0.07496806710127607
817,0.9999954117139971,16.374574574574574,0.16263848976558354,7.406399071750209,0.6177506018635355
818,0.9999956462006805,16.394494494494495,0.16365992731826903,7.423483408356141,0.6198629275619495
819,0.9999467508641391,16.414414414414416,0.6671513015721103,8.586946808277842,-0.8872020551216082
820,0.9999961058398396,16.434334334334334,0.16639623042495713,7.457920123007354,0.6243375324144165
821,0.9999724690725325,16.454254254254256,0.6512769129915931,8.621331280750885,-0.877922865015088
822,0.9996389111576255,16.474174174174173,2.283604575554036,7.860635130244383,-0.05273231314943095
823,0.9999658718152753,16.494094094094095,0.567945279429036,5.619514042740614,-0.5803419751266589
824,0.999999999499487,16.514014014014016,0.7772821267144365,8.609021070067062,-0.8701743767180381
825,0.9959885385278404,16.533933933933934,-2.3943898895243407,8.51335205016804,-0.18571323674752105
826,0.9999951933953972,16.553853853853855,0.8222877073772311,8.625476203839542,-0.8665118138155818
827,0.9999970060220108,16.573773773773773,0.22907942790415955,7.628823324494313,0.6519935828486462
828,0.9999781734854103,16.593693693693695,0.8731013796025542,7.956017847324645,0.5398501246393551
829,0.9999469851650286,16.613613613613616,-0.0813967195206446,7.722240789957051,0.4944331091429472
830,0.9995965042519372,16.633533533533534,-2.1106545532633167,8.302050163895084,0.43296467492085927
831,0.999983579184904,16.653453453453455,0.5580187972519525,9.05445914056284,0.8434571333922962
832,0.9998091774288909,16.673373373373373,2.1116881209670035,8.028901593556029,-0.03981672409193252
833,0.9999820261913772,16.693293293293294,0.558398970758067,9.001084184675893,0.8131855758687931
834,0.9999987277883516,16.713213213213216,0.217798978030882,7.71456239959337,0.6659051552573546
835,0.9997888601053248,16.733133133133133,0.9806353956663256,8.728574951157958,-0.8489761693088601
836,0.9998545922325417,16.753053053053055,2.093857692400704,8.04763890679418,-0.006525057408513591
837,0.9999948782662904,16.772972972972973,0.06528859822814317,7.688748253456209,0.6038895226123983
838,0.9998540893017287,16.792892892892894,2.062244177095146,8.07178103317899,0.0009799041727092729
839,0.9999964177062685,16.812812812812815,0.9149000650846878,7.813547210395377,0.5583194688315758
840,0.9999268494472598,16.832732732732733,-0.8298583136014833,8.641071658278944,0.046740647083478304
841,0.9999963146011821,16.852652652652655,0.08144510245841544,7.747274972105696,0.6172474227851865
842,0.9999845897700509,16.872572572572572,0.5579461052998408,8.982654111370806,0.8818511545690186
843,0.9999997910383533,16.892492492492494,0.22779591664896634,7.841540159923571,0.6884927640554137
844,0.9999997991839688,16.91241241241241,0.23462121923177143,7.862106893381729,0.6930657072358567
845,0.9987566899614879,16.932332332332333,-1.8045272228521045,7.830245288786896,-0.7419796822476257
846,0.9999991497160359,16.952252252252254,0.2825550319368905,7.9489005512330575,0.713753692613174
847,0.9999593055493666,16.972172172172172,1.955792403444801,8.90539252784974,-0.8959697596005713
848,0.999423762443138,16.992092092092093,0.7968573445311434,4.7587606099569975,-1.19841708379234
849,0.9999448553885926,17.01201201201201,2.048615813751522,8.507845146775487,0.5041872619631004
850,0.9999993255254136,17.031931931931933,0.5817818105997129,9.368012430593316,-0.8461235450241074
851,0.9964472420002848,17.051851851851854,0.7447047709023672,8.561309328109328,-0.5481840920115334
852,0.9999988025084064,17.071771771771772,0.5879534085238722,9.417967101852474,-0.8470284083882268
853,0.9999971586044532,17.091691691691693,0.32399368095986414,8.093819122011949,0.7456414924674398
854,0.9980848187300762,17.11161161161161,-1.7241511306209323,7.935208924239052,-0.693673235408167
855,0.9980267067764014,17.131531531531532,-1.7207506370052472,7.951843910970621,-0.6882392815324898
856,0.9958350007306933,17.151451451451454,0.9546252843825427,8.667297015573007,-0.5908044776148844
857,0.9998653607695993,17.17137137137137,-2.1949152728959533,8.635695012487313,0.06915649518856809
858,0.999367592864698,17.191291291291293,2.0097737945139964,8.152527484717753,0.1904744175434645
859,0.999983826505331,17.21121121121121,0.491953535269107,8.613044440520719,0.8381377576933341
860,0.9999830634447217,17.231131131131132,0.5300095468451734,8.804732269590641,0.883822113347525
861,0.9993278737668023,17.251051051051054,2.054213983057506,8.141488856488534,0.24165962028972238
862,0.9999836960947996,17.27097097097097,0.4784553803600507,8.578866286892165,0.8395476663017511
863,0.9999982098872313,17.290890890890893,0.24527303766595931,8.091452618413241,0.7304488956107987
864,0.9999820682510238,17.31081081081081,0.5044014411654814,8.695987283893784,0.867612307804966
865,0.9974588850591126,17.330730730730732,0.5872277650091071,8.462151195556626,-0.3377060361126861
866,0.9999903199321775,17.35065065065065,0.3757368549268159,8.314388331691848,0.7977869234855395
867,0.996430446924277,17.37057057057057,2.0026185935631227,8.834311843143038,-0.6447493220220164
868,0.9977552744321043,17.390490490490492,0.5908890530612125,8.458138638766878,-0.3113504831051898
869,0.9999823897162071,17.41041041041041,0.4580565560357853,8.551585614637743,0.8481543283631414
870,0.9963845264627472,17.43033033033033,1.84807763620078,8.966119731841923,-0.6758736118300676
871,0.9999805094895429,17.45025025025025,0.5217676360647043,8.80620854528615,0.9097221184947588
872,0.9999983655619226,17.47017017017017,-0.36591856165707515,8.521749469307885,0.5537188995875844
873,0.9999819485101609,17.490090090090092,0.44315671153962144,8.530939193706436,0.8497030320737473
874,0.9999793238901766,17.51001001001001,0.5041539731240992,8.742565946408954,0.8980212023036671
875,0.99999924419481,17.52992992992993,0.1528043438696114,8.235758454382605,0.674798199121152
876,0.9999795022757358,17.54984984984985,0.5197734385066044,8.814021408022308,0.9197114771073588
877,0.9953209340184537,17.56976976976977,1.9429125522907325,8.873999715879673,-0.5650777576430569
878,0.9952677073633653,17.589689689689692,1.992392732891237,8.826023037407781,-0.5347642837474135
879,0.9952469078914516,17.60960960960961,2.003571280897342,8.813991482222283,-0.520722166365524
880,0.9997372610375153,17.62952952952953,-0.6212030502620545,9.667818513620244,0.10742294318218866
881,0.999732891405545,17.64944944944945,-0.6174174064183843,9.686190569563326,0.11142262875168847
882,0.9951660455919609,17.66936936936937,1.9548634305410584,8.85478502611412,-0.5115692147158961
883,0.9988097881713127,17.68928928928929,2.5401681364913014,8.066411787892084,-0.19771490477598794
884,0.9997226017422656,17.70920920920921,-0.6026555150606075,9.726880012310605,0.12261525700332346
885,0.9999960389986331,17.72912912912913,0.2458908510887414,8.325694421911505,0.7482372636782497
886,0.9999806913930357,17.74904904904905,0.5397893744937657,8.92724801827377,0.9646120726073203
887,0.9999935541925945,17.76896896896897,0.2856376131779944,8.359494803326662,0.7777743329679592
888,0.9997144785595775,17.78888888888889,-0.5846024472079081,9.782362371711454,0.13791123374125888
889,0.999226991930308,17.80880880880881,2.4763896074322753,7.548436603121477,-0.664971784670413
890,0.9999772407371725,17.82872872872873,0.4864398184426337,8.741757817673815,0.9138045784499653
891,0.9983435569208156,17.84864864864865,-1.5114981740097053,8.316006500215764,-0.4770960750108895
892,0.9995290288143076,17.86856856856857,2.472975195248423,8.174824237845307,-0.1696712992895495
893,0.9999458163955014,17.888488488488488,-1.9364965310119429,8.695448417629967,0.5034202073599214
894,0.999697209123683,17.90840840840841,0.638785011281751,8.510545083981283,-0.12525758797974026
895,0.9997352638578101,17.92832832832833,0.6407597719547419,8.51322054233227,-0.1185946986290535
896,0.9999828252821276,17.948248248248248,-0.021345890681173475,8.946600050732684,0.5555219610046036
897,0.9999844644364301,17.96816816816817,0.5637028902346766,9.036231325236535,1.004910257050357
898,0.9999840669072022,17.988088088088087,-0.16031136221110898,8.98830858594238,0.5583293131458456
899,0.9956969849197713,18.00800800800801,-3.606794555599244,14.764844760384944,-0.981755870398304
900,0.9995868912454102,18.02792792792793,-0.4436657597818478,9.389523591533491,0.28854209347533694
901,0.999728892984517,18.047847847847848,-0.5272954944085556,9.958574833294046,0.18688719266864248
902,0.9999796921621618,18.06776776776777,0.5273512963633128,8.903101027067688,0.962817522345699
903,0.999998507969298,18.087687687687687,0.21684892119290186,8.586530899194775,0.7073748160103269
904,0.9982194898596296,18.10760760760761,0.5393426658895294,12.072546324428062,-0.27498418845490474
905,0.9999826423954065,18.12752752752753,-0.15475600695849065,9.094648867493959,0.5595548208842401
906,0.9999814932997348,18.147447447447448,0.4414293931127844,8.688773904713862,0.8968291498859415
907,0.9999836994395169,18.16736736736737,-0.08327271942855069,9.158022721215985,0.558671931897592
908,0.9999476117348994,18.187287287287287,2.3435106870265416,8.368959344764352,-0.12011098046708908
909,0.9999588569794049,18.207207207207208,0.857582729893766,10.64269554847891,-0.7984334103362474
910,0.9999907467279102,18.22712712712713,0.3677719106793179,8.607582813289262,0.8448106408285619
911,0.9997620289647569,18.247047047047047,-0.4868941129499018,10.093754675582085,0.22408150090911805
912,0.9990395337759124,18.26696696696697,0.562710066902822,12.139286796413371,-0.21884234509285208
913,0.9999811082168961,18.286886886886887,0.5876688612315188,8.695531802032438,-0.0010183172782976025
914,0.9986744833344868,18.306806806806808,-1.3151404834927214,8.451909545324234,-0.3829751664020733
915,0.9986564312767237,18.326726726726726,-1.3072235290634366,8.454346039793544,-0.3786848178172845
916,0.9992666424630219,18.346646646646647,-1.5512542955007886,9.172412915460551,0.49747284513200263
917,0.9999885360010253,18.36656656656657,2.2593423929404604,8.483601136434052,-0.09424875416127432
918,0.9999809216079626,18.386486486486486,0.5023081706512624,8.863274217020162,0.9502751332921181
919,0.9999990576491058,18.406406406406408,0.24930685195059044,8.803295262830597,0.7047027741631029
920,0.9997487055931084,18.426326326326325,2.1811491495665285,8.589247049707723,-0.12091756158278784
921,0.9999918655992982,18.446246246246247,0.559861712582541,8.941140276400755,0.01888687503124396
922,0.9999931758066272,18.46616616616617,0.5591181424831064,8.970796669366331,0.02072598804707797
923,0.9999943998243249,18.486086086086086,0.55872760834504,9.000120531582478,0.022517884852485907
924,0.998564930251114,18.506006006006007,-1.303068767182501,7.91722595719243,-0.2563769917252049
925,0.99998165828258,18.525925925925925,0.5190217556374203,8.915647587796323,0.96577885265273
926,0.999881027491682,18.545845845845847,0.6017089199483704,12.234623224736337,-0.11440805252154077
927,0.9999860317441279,18.565765765765768,0.5766001449375122,9.071352021132212,1.0163583704521362
928,0.9989807683343488,18.585685685685686,-1.3129692846259107,7.839506341287031,-0.21210110133260732
929,0.9992965941646836,18.605605605605607,1.8770314568480857,8.08012858443751,-0.5559440562775337
930,0.9987962919621912,18.625525525525525,-2.346357908307308,8.743969116152485,-0.6187850109130353
931,0.9999977889851679,18.645445445445446,2.063627935503218,8.709470663953708,-0.06982286381278906
932,0.9989617923288171,18.665365365365368,3.190985643045386,10.18067746678067,-0.6872421656638232
933,0.9999976829330796,18.685285285285286,0.31266016862207907,8.89405658598829,0.7449247440602217
934,0.9999999264437973,18.705205205205207,0.5740598932457764,9.341372552172858,0.030059380003596398
935,0.9999846945750954,18.725125125125125,0.09540509194562168,9.705218386247964,0.559596959053198
936,0.9999976152149068,18.745045045045046,0.6470139851199205,9.299300604451506,1.0896219640584155
937,0.9982556324915134,18.764964964964967,3.1757767635891083,10.216535613279442,-0.6530200818503535
938,0.999984817221627,18.784884884884885,0.0766938196619333,9.784245156859336,0.5608443791705638
939,0.9999956622378221,18.804804804804807,0.3354529471114044,8.938166067056494,0.756591050617975
940,0.99999896674383,18.824724724724724,0.596273611432773,9.543625749478878,0.02378237736267023
941,0.9998098485633283,18.844644644644646,-1.2462594154876405,7.889309609510978,-0.13987652199231557
942,0.9994489305753023,18.864564564564564,-2.1550708158573255,8.967404858472895,-0.5963682450728021
943,0.9998252166553455,18.884484484484485,-0.26049091120664863,10.261622244896117,0.36091746460110263
944,0.9999948817767551,18.904404404404406,0.6356672956081658,9.22619856205676,1.068761645032059
945,0.9999992242688039,18.924324324324324,0.5594855031821855,12.70009628729223,-0.01811901021565727
946,0.9999999172324662,18.944244244244246,0.30385531518876807,9.462349151424785,0.6138707675622803
947,0.9999437191856371,18.964164164164163,-1.2061498503644197,7.940339915987813,-0.11387067907641067
948,0.9999563383815849,18.984084084084085,-1.1993647858900354,7.949448195664633,-0.10967640429560244
949,0.9998421787658792,19.004004004004006,0.5565129184807526,9.103924568290898,0.21755170070847107
950,0.9998956711807975,19.023923923923924,0.6161705346563513,8.468039539111109,0.293967816265136
951,0.999982400824615,19.043843843843845,-1.1785378603345744,7.978396781110156,-0.09760946309641817
952,0.9999878778427224,19.063763763763763,-1.1716079622513564,7.988255134990289,-0.0936380560646903
953,0.9998520711658768,19.083683683683685,0.5872948904385038,9.515452192450379,0.15377395058154905
954,0.9999921395372744,19.103603603603606,0.5740672612196062,12.958122541346901,-0.008371722822053444
955,0.9999866426116608,19.123523523523524,0.3980983431661768,9.019872224926031,0.7967066689640024
956,0.999998911313788,19.143443443443445,0.3498621183440946,9.679699336337077,0.5978731392560321
957,0.9999996379136112,19.163363363363363,-1.1366587775469972,8.039559660084407,-0.07448416615125021
958,0.9999998919630291,19.183283283283284,-1.129811451264964,8.051071855800716,-0.070691250566514
959,0.9999804896733437,19.203203203203206,-0.017874559030556278,10.16929578331235,0.553632979645178
960,0.9979951713377866,19.223123123123123,0.5891023306614529,8.412262095025826,-0.7004090401007511
961,0.9999991571629063,19.243043043043045,-1.1083504562451278,8.082777239683047,-0.05955496490359104
962,0.9999880624197236,19.262962962962963,0.6984455168286148,10.13520352773098,0.02733349558942347
963,0.9999955874325563,19.282882882882884,0.3901624993668829,9.738626341074172,0.6010776243632373
964,0.9999847025382799,19.302802802802802,0.7062507609026173,10.173015871315041,0.0328370460477719
965,0.9999969328731656,19.322722722722723,-1.0800781427235877,8.127693890422751,-0.04525177872390439
966,0.9999896340486591,19.342642642642645,-0.667011772698208,10.562099306721365,0.5303805853938277
967,0.9999901874818476,19.362562562562562,0.4161911203374438,9.472034171218736,0.6611364951982502
968,0.99997896034133,19.382482482482484,0.7216205752845709,10.245774450090842,0.044702273321326494
969,0.999991733527335,19.4024024024024,0.4254400935740284,9.694408177492774,0.6161325819436868
970,0.9999902393310244,19.422322322322323,0.4287768670995816,9.84494032172869,0.5945392667327342
971,0.9999966548530297,19.442242242242244,-1.0376220381952137,8.198354321283562,-0.024728952434468657
972,0.9999999014873504,19.462162162162162,0.6962978822441692,9.300451389626295,1.1153742882928053
973,0.9999760556912367,19.482082082082083,0.7407085887657943,10.333550339496377,0.06078365136664605
974,0.9999604990206183,19.502002002002,0.6328100823304973,8.265739535639087,0.4468451469841653
975,0.9999825582361455,19.521921921921923,0.5377028092391909,9.005017826431638,0.9765050689549187
976,0.9999990990466554,19.541841841841844,-1.0019898076428024,8.261073296485572,-0.008712940845529031
977,0.9999783940888713,19.561761761761762,0.7555757059340537,10.400497854057756,0.07493959881150788
978,0.9999119889873429,19.581681681681683,0.6602778543205375,8.567911939956783,-0.6205275531512627
979,0.9999873004271244,19.6016016016016,0.47478617623132563,9.610329084988821,0.6396140359649642
980,0.9999799457421613,19.621521521521522,-0.6151721638976402,10.738624371959517,0.5478623538606349
981,0.9999997717736223,19.641441441441444,0.7039198725037258,9.274050435275921,1.1249045859132498
982,0.9999869953912556,19.66136136136136,0.4879654549617835,9.579673132373083,0.6457594649648005
983,0.9999868711289729,19.681281281281283,0.48911324012412494,9.520066851994148,0.6615329133001268
984,0.99999022421975,19.7012012012012,0.781043054727264,10.512720916754713,0.10169134518350646
985,0.9999434338284464,19.721121121121122,-0.9294097414159084,12.007715416431624,0.10830352520402464
986,0.999992428982118,19.741041041041044,-0.9290628246655561,8.404779662296244,0.018775917661225036
987,0.9999276681273713,19.76096096096096,-0.9166344030468146,12.037632743657213,0.11254578547333759
988,0.9999877072763446,19.780880880880883,0.5071339262167888,9.45035432147078,0.678579897853468
989,0.9999881705476967,19.8008008008008,0.5145073914790987,9.478289023874835,0.6644464546512573
990,0.9999885156153114,19.820720720720722,0.5177991836920243,9.461767041193971,0.6674158327274987
991,0.9999998702857453,19.84064064064064,0.805169430335968,10.618184339171274,0.1313095601423152
992,0.9999893024538318,19.86056056056056,0.5239773689177768,9.42733198862791,0.6735630847464288
993,0.9999992262923081,19.880480480480482,-0.08631359554986885,7.388779278866792,0.4991125196148315
994,0.9999901900501368,19.9004004004004,0.5299981727686398,9.394158084746625,0.6784593704175513
995,0.9962035577972419,19.92032032032032,-1.440978796676436,10.39227679318994,-0.5901762890578972
996,0.9999878147466255,19.94024024024024,0.5638228798404463,8.99387873648997,-0.5782978059379118
997,0.9999949399047341,19.96016016016016,0.5587431154454436,9.037594189788926,-0.5810783283080738
998,0.9999909260897389,19.980080080080082,0.6234853398701895,11.196645925779068,0.5563480267832792
999,0.9990886386618129,20.0,-2.337546702130373,8.524712558475949,-0.02289633170404285
