,tf,fid,A1,A2,A3,A4,B1,B2,B3,B4,nuk0,nuk1,nuk2,nuk3
0,0.5,0.0035400735023649907,-199.9999966235177,4.739104347503139,-20.842815236889763,-5.373354185564161,10.408991547581323,44.1867062996329,97.60345867791935,135.03019477505876,-0.08242401563515611,-0.307905653705985,0.3427218189491006,-0.4178066208921264
1,0.5477386934673367,0.0036903570024028032,-89.80279992983924,-107.8304696034798,-78.36600546021745,-60.18311579036215,199.99936779352066,-41.75154118551721,-15.01628107904116,199.98033183938543,0.2254895442325675,0.49200680818460973,0.008488836579561121,-0.36296357832613446
2,0.5954773869346733,0.003648468706721253,-5.916484026082738,-12.28882551535147,-42.415419282596545,23.08792996859998,199.99999183313025,-199.99990885327884,153.36375667516694,-59.58548044809845,0.4521041628604503,0.4185688015278701,-0.2921193940772212,0.4743045555174257
3,0.6432160804020101,0.0038754832167265706,-56.75864706409635,102.94514204717107,-20.15260471605708,172.0185410235896,-123.14292230009985,-121.83215557776143,199.76941931337507,61.249906912600736,-0.2808483775322965,0.3403089846928994,-0.2921555629247844,0.4377067775157981
4,0.6909547738693467,0.005355966764335551,-199.99999885092168,21.979308597781227,-85.05904550518497,-40.502673198338705,-44.649429814857605,-60.79488180118637,-194.05887581990606,-75.07382102826776,-0.22009905775405747,0.31422241221784586,-0.37231738351450994,-0.14515649941933295
5,0.7386934673366834,0.005363898457807725,199.75940191923775,7.969219226611468,63.709853978474385,-122.94324061625824,199.99779333344065,50.789464355785455,45.66661130062846,2.7793155560648035,0.47016548240947287,0.4349578812040814,-0.1698824095819529,-0.41444362047188343
6,0.7864321608040201,0.005825466567646911,4.985930999784401,-198.45546897876432,-2.8398071079864646,34.65804445354374,199.99991567079212,-180.1439695655322,-44.12447922246099,125.18458824108711,0.3755241498046181,0.00927561169919755,0.35972748875593974,-0.4403864778769021
7,0.8341708542713568,0.008547532506815883,-199.9973503398026,76.1788452299283,150.72436182717337,-88.79011363755558,69.77618569703358,33.18268646423641,26.228257330116648,-109.96764573452407,-0.055236746816527904,0.48679205400431536,-0.08301734682738193,0.04427103062383475
8,0.8819095477386935,0.012090438426530459,-199.99999944968113,62.29776941816204,20.93084729341434,126.44090832958315,-76.26915080081727,14.555572164377914,65.22403190669581,-19.55119787043234,-0.2832345173635682,0.29583171030557376,-0.47964506970402554,0.4538116924278518
9,0.9296482412060301,0.010628174972119573,4.19691985562483,-183.0529147166423,-11.429400811543106,-17.468019580545842,199.47327295767866,75.27786983472826,-15.12481414445044,52.717299706918325,0.2667126895368903,0.02246519429517968,0.21632796010115674,0.2832871053357342
10,0.9773869346733668,0.015576909390535553,-101.95631225111332,181.76481045639753,22.149246818551326,199.9999940621936,-199.99999980765318,49.91852277707458,194.9300944157867,78.6819344069915,-0.4760208056293528,-0.04977743500108045,-0.029145855375894536,-0.35442588388700935
11,1.0251256281407035,0.014188332828836695,-109.481171586681,-26.292858257430424,-7.62551821745739,-17.290810050365728,-88.2030569165189,199.9792667010356,116.02084715895757,-41.36861994864648,-0.3137705320747207,0.12465897694690742,0.06103381281011355,0.4088049072696335
12,1.0728643216080402,0.02233636618214993,-4.270653920263943,-44.82857783666867,7.302727518866926,-3.869924228045097,-28.500087050902927,199.9763389026358,-2.8827903613903096,-6.851518377397088,0.11691284720360251,-0.446091205430164,0.4673787728997826,-0.22336615164739715
13,1.120603015075377,0.013269030363368677,-9.33558645445277,76.514033190954,150.42186260646247,-164.44118351818383,89.80657322041395,2.9579097284058236,13.774661687731506,45.96383414425877,0.31873767239389417,-0.2576194723674804,0.3673770995361616,0.026478039345037674
14,1.1683417085427137,0.04964729470153705,-199.96048457445497,-24.343358578960057,0.4207327063240804,1.1606332817814424,1.6143540208607838,-6.138903194699825,-49.26329037167302,-60.851661464763076,-0.2097783776986415,-0.39453165945355073,0.38658176571814407,-0.15302344142368018
15,1.2160804020100502,0.0369572667303076,-75.63327189048283,11.814798664587055,46.91341383679699,40.27633762283662,-116.91329650839921,55.80744761104424,1.3282451194958917,15.486128058801715,-0.46909606288409034,-0.21081205081712961,-0.06203695676713017,0.04422077863466389
16,1.263819095477387,0.046426463031336296,32.13831012584184,21.22214704629392,57.82306688850427,6.404318798703141,140.31058255476012,-7.234478051009651,7.5618507316838866,6.112180082263826,0.21322863303749173,0.23968854273583706,-0.168099980727912,0.1744495775416438
17,1.3115577889447236,0.045066122772258896,-101.47768963616909,4.071747101972152,-30.55001252034009,32.52636382307631,6.382687273985855,15.401273874262955,4.68513460637077,50.38507796244903,-0.18890178916391598,0.4485817363460213,0.02051945884013273,0.16751935151658148
18,1.3592964824120601,0.17044332840909285,-199.99878571410738,-86.83624167095132,-8.189118023028335,-42.07640502685405,0.6135992374330899,-2.9102333910472087,19.302260276719807,2.1187593856594056,-0.22003522491148986,-0.1732609446348381,0.19034872244359224,-0.45120762345571164
19,1.4070351758793969,0.03216583519075212,-46.47086822284314,135.60251438470308,-146.88880412456936,5.0126664126115745,3.1358856550368888,-76.02321721954124,152.31239285998302,45.216664131984665,-0.0994447832915647,-0.13059045384801782,-0.3647281443429772,-0.17651901580122975
20,1.4547738693467336,0.02772682726437309,-58.32886104918862,-16.207025726458866,6.331057075401145,58.90686505599575,4.164869630928132,-47.26065948710462,32.7309366478993,-68.06526980094958,-0.11698438856527693,0.06198553515755034,-0.23895595627059796,-0.3787558447494417
21,1.5025125628140703,0.16618672683611235,-84.58915321364248,-17.534843299299922,-25.736606764020927,5.628852015911032,81.74998111031539,10.513540927673318,-41.575653641410454,-42.478927256712396,-0.05366574076368835,0.15739071524526083,-0.4573081834356314,-0.3436831948411706
22,1.550251256281407,0.03519430684198963,12.747327796191971,-19.099496979519756,18.55018090876547,16.675400324632584,50.677469375124566,19.062956560752188,2.5170180883314206,-41.2968818375675,0.2714484926776549,0.11474469456371739,0.2672931155390059,0.1546236414108445
23,1.5979899497487438,0.1362862812952065,-74.091138006529,42.71407395862096,-5.863409165538826,21.98747819347395,5.211938035975807,1.3572091410105465,24.042904870297257,-7.943209282862205,-0.2228069216552574,0.3484773120911333,0.13125328790825985,-0.4798887138356489
24,1.6457286432160805,0.30996239210378107,-123.45153196883925,-28.840191557945886,-10.410145479943314,0.7858139879509909,-3.2454749999368353,-14.113145892089555,-2.367926907367225,-13.194826078418654,-0.24530271512925872,-0.21970363740996335,0.49704119644632394,-0.3029672235181242
25,1.693467336683417,0.23950169112354802,-61.667047499055954,-47.38383794216978,4.936585490920601,-12.9957503009838,-27.741777425624967,0.08895147211685181,-19.5491651219083,-2.590001663035027,-0.4484244245679979,-0.48771153557236,0.10192059573628587,0.2536432144801978
26,1.7412060301507537,0.033247858575734625,28.47854663302803,-29.31195870380974,-47.940544288092525,1.6986346619431845,2.0402198160109224,56.57909095801948,23.093055864906326,36.921560248344846,0.4939598412572125,0.13559967378508775,0.033161616621136814,-0.31036219200636217
27,1.7889447236180904,0.17032545924732603,-79.41774415471406,-35.74310061590815,-44.666840923129215,15.851481126120202,9.941793652705785,-7.634597360095138,0.277524747941702,-19.17937529607741,-0.16934580377900055,-0.21115555946620113,-0.08623835704489557,0.3207628011216107
28,1.8366834170854272,0.08865850307060572,-15.210718338150762,-5.82521897271074,-5.415478446975607,16.77853741143317,32.757487499746695,-10.61571517077126,-1.1215590775653093,27.88355266120405,0.03850952917050299,0.006948934625632508,-0.25829995620447865,-0.0061006409942766515
29,1.8844221105527639,0.319096265092753,-63.61030934701188,5.072485273608931,-13.880374555062026,0.8604832260835411,11.287888962071335,0.02364898854242995,-2.994702381440705,-0.06331732662434761,-0.21255951192885236,0.06299261739798168,0.27255117355027214,0.21706991945964516
30,1.9321608040201004,0.4327349342865242,-68.69951146791487,-7.783663375461751,-8.704552299099127,4.83597273913886,5.5395167632405276,24.310460843935367,-4.038356888086616,4.595103217179593,-0.24822238176856515,0.09207439836276787,-0.07192276281929322,0.41259974618445217
31,1.979899497487437,0.3765571877807288,-42.597846944362544,4.813230488117398,7.384036229170855,-7.422581740001978,39.28920494635358,1.670652491891413,11.12358948694352,-0.06398853232352601,-0.09828297813982134,0.05284145583261912,-0.1622086744567386,0.26211748276787394
32,2.027638190954774,0.05671067001411281,-8.84333130005651,80.4349023972901,45.58029844341867,-43.01087109499015,16.126737430022956,-53.69712820079419,1.8159698614295525,36.15083184790251,0.13320536287968499,0.19845311191540405,-0.0014671098774462488,-0.443843763759431
33,2.0753768844221105,0.14038279309378704,20.06800176677693,3.325035906861128,19.53848664791917,-1.8444390597256364,38.442883710731536,5.822278866557884,17.732248570131958,-4.728115331793651,0.2805874503559612,-0.03861371223785204,-0.3073027311967893,-0.4054164535069631
34,2.1231155778894473,0.05600900785050944,2.069083196293107,27.541219341852443,3.599410297795566,-1.1345014587135207,-7.5342291717714325,-14.36800471036058,-6.8996090668651675,-2.316140652780645,0.43193896352378447,-0.16557765265834268,0.3839475454997544,-0.4800280038217567
35,2.1708542713567835,0.2549263168791219,39.88682930219372,-40.63585979647498,5.442800795397341,34.78715403202249,16.728001486676817,-7.562320103773949,4.7870738996988,-29.60697375378058,0.32875762166279043,0.3970050084524245,0.06132981667961224,-0.29315535618639366
36,2.2185929648241203,0.2503829382377644,46.35957270909711,-16.017771074788627,13.751678718148522,1.7568962677587652,-2.5078191132824403,68.64382088511448,-9.028567788875964,10.836013160057995,-0.02076900442120644,-0.41019606307520295,-0.15253600368107556,0.11747883407049386
37,2.266331658291457,0.3813953699361595,-24.84386264996227,15.891978444749412,3.1100588919074914,-5.017040849898935,1.5029328160097588,0.47710000261704577,0.129739053943616,2.3409274340920083,-0.24506289709834395,-0.32419442319388103,-0.052898959882611396,0.2551731231430323
38,2.3140703517587937,0.16519578507471055,29.399183918953405,5.951554810889839,-4.629213684209986,-0.1972351926711272,-1.2572053774141523,-0.029336084337045383,0.3551868319650353,-5.181617156749573,0.37060720485539667,0.2560046470774504,-0.321585779222923,0.0221457952674734
39,2.3618090452261304,0.4507186142329417,-20.43754412301716,-32.13929533118178,-0.559652012016858,0.5677691171630435,25.977983209440048,1.5726587591403087,0.3650232972137867,4.075721482616597,-0.24174533507240148,-0.4584189616800889,0.3956435680132414,0.25159711421975595
40,2.409547738693467,0.1928555030196879,-4.006509127852504,22.934608288852587,-8.355962483055029,9.850374222555777,-0.46084486611430275,-33.84927280454451,21.393224604138325,-45.310321505627456,-0.061027579478130756,-0.16674397394363782,-0.2958742103760271,-0.39362710978238347
41,2.457286432160804,0.09470147798722087,3.4154355156507012,-20.514009525717164,-0.5763216380315761,4.960738243556811,16.951396172459006,4.119715069429425,-18.58507032019078,-6.4733067804854265,0.30834509348436534,-0.054765433750263104,0.15250600015079585,0.40846823911208374
42,2.5050251256281406,0.5167466130956203,-29.95564615884939,-4.370802059084127,-12.636489112996614,-10.140238103741739,-20.12988156187736,-2.468858649553285,-1.044652978892437,-0.6663663411446205,-0.42168347563353525,0.1335404602457071,0.31123559503372455,-0.2256255513441423
43,2.5527638190954773,0.42578297120386915,16.4575444084928,4.71845948289503,-3.4266959488254467,2.869307451414379,15.870697340976225,4.668545321559666,-5.231424516497349,-12.119153448929671,0.19168485699519766,-0.3284372519699713,0.43617921053429565,-0.3241410817545324
44,2.600502512562814,0.46747341097198597,16.1188542060733,26.17229141752958,-8.906665929686106,6.167577579288157,11.84842872214999,30.86212234591106,1.2609509186108965,27.102115250258777,0.0023043407259493165,-0.25239973213804023,0.011326445436320554,-0.4561697916871258
45,2.648241206030151,0.46900810578395496,-11.368989489922308,-2.533748632248265,-4.503582431014267,-1.4665405703111287,21.093827932914614,3.9133363081606016,-2.7229000546772766,-1.8952659045951643,-0.03168986146752795,-0.19260395783571738,-0.06563693340785026,-0.32142729518980284
46,2.6959798994974875,0.5130903882790449,-14.030806275744215,-3.992887053893876,22.07074834739594,5.1823699950590445,24.504362900618595,-24.84466207697625,-4.651934423983761,0.1708805038265052,0.024363405683311745,-0.20879873605160648,-0.2608622298135721,0.08111801728771639
47,2.7437185929648242,0.5200461300326055,-12.573290886610923,-5.0063261022532775,-0.341521248325247,-2.7903720142173922,24.613003960368836,10.870044312169597,-5.088058966736117,-3.3443408631630183,-0.028490594539374747,-0.08398094017777791,0.31896388774581563,-0.46143757279625797
48,2.791457286432161,0.325280907560549,0.9478305977021679,16.73046917990001,-0.2516913160189289,-2.817251121536239,3.4825750901946417,-9.349678891667677,-0.6530968355751599,-4.889394754370006,-0.06889102279199255,-0.22670186566315398,0.2768776238078914,0.15757927439381592
49,2.8391959798994972,0.47084466823860044,-10.608971913441373,0.6413410303890106,-27.873698297366147,2.294744725624882,-11.386740373931163,-25.403552716064702,-3.2249235387857156,-0.2330187793910336,-0.4787592428718044,0.21587131052328534,-0.31666317028919355,0.21867193417319963
50,2.886934673366834,0.3995639408215693,15.910714590520453,2.6485832012914363,-0.1888625173388941,3.2000039641161306,2.2936795846356537,1.2211308716405318,0.4795161057961417,3.3715208897225137,0.3359621975664039,-0.3280596103112692,0.08466390000068202,0.38974969977464213
51,2.9346733668341707,0.5272777109163556,-16.379566025257066,0.2088538895230078,-0.2315000716938007,1.4110792014054607,4.513599259247366,-1.2764640250515273,4.5757532596483985,-5.799368503097391,-0.22936196439198542,0.38091117324172397,0.0518176214213899,-0.3228982938900703
52,2.9824120603015074,0.39947682725977857,1.578540996221761,10.747764246972817,-5.138400231829614,0.25741809417217965,4.9316877612545245,-0.44688147457394956,0.05721141403402841,-3.555852751856148,0.01719311856118977,-0.26443491571794564,0.3464872384821932,0.09227033781404403
53,3.030150753768844,0.3628288587485791,19.31644277752875,0.5749385979244472,-1.8102883438536845,22.433766026833396,-0.6725721642424949,-1.7856853528150793,-4.254963221249403,-6.023924056878675,0.49889487300839075,0.24296427777958485,0.43210537224223755,-0.4177732264702603
54,3.077889447236181,0.4347059981119768,0.8591506816470066,15.460402022152191,7.492794867056205,-2.563045237706291,0.1803058251135883,-12.144699586864824,1.2697563735576562,-4.1597958920639915,0.40314889244137364,-0.24032822632300177,-0.26975906674709516,0.4838829558826697
55,3.1256281407035176,0.30122377759268776,9.961908153786375,3.699364306969607,1.9121860916629714,4.576107680569618,-1.685367599470844,-1.3209687961164858,3.5671322145951017,-9.100355810291983,0.45094460917065293,0.1956376220255418,0.23841315593960966,-0.020382531561947803
56,3.1733668341708543,0.5329771626435831,-12.007561978819052,-1.8836604067410998,1.0935401637379791,-1.1230644187982455,-0.8286600068604949,0.054559301140662944,7.569698105143562,-1.3581091161893133,-0.3373951204691572,-0.4621382632636949,0.13078703759929,0.035886789658143625
57,3.221105527638191,0.4940757441367733,3.695737413804637,15.35504705199986,9.228849689541128,5.555518051799421,-0.03861854398571621,5.059014370527464,1.3148197874444214,-2.1956580445485,0.0932169444282066,-0.3372088521973853,0.3130729553454489,0.25067323188926505
58,3.2688442211055277,0.526716670950443,-2.4493553904434293,9.309817753880171,-0.19316062042773172,4.395768296704786,10.615915922506371,0.8092296618196935,-0.028121834653607743,-10.459955081066829,0.1680984803118003,-0.4025029986366482,-0.06710103283376534,-0.3760604981422375
59,3.316582914572864,0.49698734628002483,-1.0617974532325514,21.789647677279305,-6.075792353797689,2.766027981968312,8.020906657381746,-0.6278876256908175,-7.463230182017626,5.938824744209246,-0.40593571059117606,-0.1916906856481685,0.05453433633369631,-0.46846114936141803
60,3.3643216080402008,0.17949021563379733,3.9789610340305632,-3.3231028291601823,-0.5615191988048136,-1.2178545257223736,-1.4891618660755461,6.099879896825203,0.2939970885672959,2.434300681221061,0.39255378176084055,0.18200411639372005,0.07750094234244398,0.48996066558450213
61,3.4120603015075375,0.5485920816902926,-0.06635662947445853,8.360120177662628,5.0164744043823735,4.376264889859852,13.240427638748965,0.7736220112255321,-0.7450198919253288,-7.780909252863637,0.10431626145806061,0.11802178096613047,0.09692218918714335,-0.38448895745365896
62,3.459798994974874,0.5852216401609066,-16.747223164820447,-0.21897822052078336,-18.978931011577235,0.8395377571644174,12.290872754791035,1.4072788304300594,0.6581846289784286,-9.373659229801099,-0.0763552468001033,-0.16403633350936253,-0.47542547365612886,0.21733145657257014
63,3.507537688442211,0.5391367765612719,-7.5429513560215184,0.5339319840225782,-10.273044894629885,-0.878865443477139,-2.1467155437127934,-0.7553395215964759,0.12497747494329049,-1.3866929364882363,-0.37451377471882186,-0.04686673167348898,0.021374104203737976,0.4207194168783821
64,3.5552763819095476,0.5278070850982736,-3.792928901827852,4.17003749493713,-0.05366339271058305,-1.3341254677425045,3.1332782487918234,2.2983296703074725,-0.1146096014602755,-2.074089402577314,-0.22838603599222496,-0.3002948287867667,-0.48815949712641715,-0.030661010622270335
65,3.6030150753768844,0.5521526088641806,-7.126474488786291,2.738795631691668,0.16518181047882008,4.962127643277055,3.4726623929234846,4.375793259219112,0.5924865121538812,-7.413684535206978,-0.21828677533441954,-0.14697764889435871,-0.32773477312644617,-0.3282233624890375
66,3.650753768844221,0.4984348326388306,-5.716840271626824,-22.17686115129119,-2.1091190160124356,-4.364222917863744,0.33472103216477506,-0.64924215192446,-26.10069355238157,2.3759201146582427,-0.36735129580223647,0.22479808676883783,-0.04826059462875443,0.13706530243877613
67,3.698492462311558,0.5407178146511712,-2.154331890583491,2.4849832020083698,6.870245564733096,-3.0551905377181647,-0.19732424161469153,11.627942685101278,0.17633344372644857,0.2692678262286041,0.413702558537255,-0.4403744775551527,-0.3074696762913045,0.17398934650143827
68,3.7462311557788945,0.5055568539389695,-0.5178374890257803,-2.3857162547856037,0.2580186305438733,-0.2926246762845342,4.275182008711637,-11.391853841573749,2.397742617057183,0.07988457720416009,0.09594473865674202,-0.20409057171969447,0.07033562443376506,0.4658111124278346
69,3.7939698492462313,0.5470706169993277,-4.813354762851956,-7.091718627184736,-3.962086927278943,-3.035366579568929,9.850503839724427,0.08587252779134782,-2.5557824032704177,-2.8750301128601734,-0.07916224210985279,-0.34185991913174507,0.21370752818059346,0.008856054841767214
70,3.8417085427135675,0.5764951874457686,0.6396860785782279,-0.464561307119742,11.764500115916519,-0.6208388325209324,8.629974020244058,-1.2994268566713245,1.2037330772118637,-8.708342247558546,0.1648167589909426,-0.2312101627987878,-0.24542024289745035,-0.12098698937322161
71,3.8894472361809043,0.544393130719643,-9.670917718843173,10.883473437709998,-7.225910986753393,5.837689635829323,5.806444687209687,10.251932287116837,-2.4502618474686595,0.6601710260667667,0.45145772464444267,-0.3998374356203035,0.2619704559073288,0.36237956211017586
72,3.937185929648241,0.5599974755250838,1.5511108239734237,4.918964561838063,6.087205480082842,-4.886357211974448,-13.841438191487914,21.41287094881758,8.981181018152805,0.9380360612977858,0.17614332644854835,-0.38673547146621345,-0.29477104491021633,-0.2926928648910839
73,3.9849246231155777,0.5312433073802112,5.212050682116954,-5.351272209102746,-1.121078211545196,1.577076238490287,1.254722494391904,-4.0450443368468925,1.2396559624751617,-8.64106818548037,0.2939238198129902,0.47882093881879784,-0.09833649000242717,-0.08010956412979398
74,4.032663316582914,0.5715443669892663,-6.3095675172611685,-2.166679341256749,-4.016541587217936,4.79872120810097,0.3041346192431836,-0.7354846126473883,-0.9969095188364342,-0.673700705263435,-0.28727294532639747,-0.3318587424223969,0.38877199626974324,0.4024230443585205
75,4.080402010050252,0.5681922891914365,-6.2149043273013564,-1.1253833447175556,-2.184318640577297,8.77881680152607,0.10046676681985775,-2.4617992673219096,0.9756697519392215,0.3537475472275353,-0.34749651745034493,-0.4868037200454777,0.07802111355203734,0.1836173273117614
76,4.128140703517587,0.6049886103355792,-3.227388372329302,2.080828575610969,-0.37957821785397305,7.717962610160509,6.84307275948021,-8.302308308478244,-0.03322435985704954,11.365531084000489,0.005779009779983135,0.08731613695038143,-0.20698432404202083,-0.4602568950877076
77,4.175879396984925,0.5807303447966078,-0.7540292920274112,1.9726067182608928,-4.376752133673702,1.5681745203182413,5.197876908932945,-7.408979220113726,0.02340098101086068,-1.3624102877300142,0.056132569231947205,0.25358225345228913,0.30709011607823755,0.31332882861806677
78,4.223618090452261,0.5440335078737439,-0.1720099048001632,1.7096291762201783,1.7058144836785316,-1.4468325534638917,2.0139801933206254,4.2812451357470955,-0.04207236597974258,-4.1765135882983415,-0.3470120675447297,-0.3656108625029262,0.3167995256410455,-0.05087997667355282
79,4.2713567839195985,0.5525764887121094,-0.4168584189517831,1.3293664183018978,-4.697214438278788,-0.5608430993795599,0.5957264013669124,3.7902900841149174,0.06706734807677577,-3.4909875385503777,0.45480682682132,-0.4548203231759156,0.0014482976549313742,0.19240163222268925
80,4.319095477386934,0.704964179574869,-22.338142067817856,-0.4024563835936897,-10.704439994569679,8.521947346937882,-6.378269670839306,-20.338710146216577,0.1646977123819755,11.386588848240478,-0.36864302150992245,-0.4720991383234481,-0.0450181910763614,-0.36261467760239363
81,4.366834170854271,0.5473074150895146,-0.2656783616019004,-0.23984790091898556,8.559320485133519,6.47176983515171,-3.4815760445077286,-15.222857274566515,-14.81192938524417,3.5206467557300805,-0.3519898455506293,-0.17379914176670386,-0.2182180526821591,-0.2410739302963465
82,4.414572864321608,0.5859897577560538,-0.11272329696468528,0.6508854078975552,-2.2670510003123105,-4.41305389554663,6.029056296776316,-12.081173698776528,1.5114042790135938,9.490634559659817,0.10428521453559991,0.11264441133464476,0.058312289573784204,-0.4947379607040384
83,4.4623115577889445,0.5891289485027287,3.300482834238214,14.150752478014816,4.647454319732752,-2.656588307488124,-1.9527653445511899,-8.26669063785096,0.4954219648796991,6.166803643753924,0.47416076275916286,0.11913368975203553,-0.49903015574236653,-0.4305466466038519
84,4.510050251256281,0.5488724828122697,3.210606021405895,2.6312130641196454,-5.720710139598259,-1.5553583283521046,-1.6645114362772686,-1.0407754237905569,-3.6855692311048305,-1.676692622994671,0.369738295957721,-0.06522900026369083,-0.04869807337740473,-0.46409918643349646
85,4.557788944723618,0.5218050598471405,-0.45728533054591003,-0.3696583460635385,1.075754140149638,-1.6558505918608972,1.2382155776627481,-6.199532051112315,-1.315398607889601,0.14463760974245715,-0.4206939960826652,-0.10019646389792836,-0.24817032136456318,0.36737878996716
86,4.605527638190955,0.6141882154625912,-0.9719625389225155,-5.540073113941135,-1.4738509936141855,4.70160736072474,4.556138164849351,0.24246323305574125,4.210113481874914,-0.3624451592304905,-0.3290757898799773,-0.47968807642684774,0.0810537560409782,0.1596386597776671
87,4.653266331658291,0.5639048652750591,2.702938433203372,-4.998939349598945,-1.310310934546457,0.14866170706285858,1.2236324965941503,-4.324346247469067,-2.1172915306123965,0.19683744508659456,0.27012804810760305,0.36161215483031495,-0.3095398838753738,0.05811091694984405
88,4.701005025125628,0.6653048540624603,-2.8231905981156937,7.303599476262044,19.298233948018545,-15.625165471718919,-1.9763894686725139,-26.096790432895954,-0.8104948042731397,-2.9378968019180034,-0.4193912411512718,0.4682483009638211,0.09763711827812083,-0.3222138049740243
89,4.748743718592965,0.5158654512689923,1.3029456755763278,-6.275356282535586,-1.0057457717354366,-0.036490979308270166,-1.0728614574838913,0.7567576763607669,-0.783328566816804,-0.8148794112262037,0.18987505053145404,0.05080886333570067,-0.19532126894466584,-0.32787400688665025
90,4.796482412060302,0.7205844423486519,-5.706475020703212,6.132575449208874,-3.8574623739157823,-0.42300582895199307,0.20235201178312479,1.836094785446315,-0.5007176583739193,2.279151212080281,-0.24084591228065433,0.006051364290204253,-0.41719405968044065,0.09482756448458352
91,4.844221105527638,0.5911672144638592,-0.19058092166911683,-1.2106480588977027,2.6377542044771816,2.701762653139789,0.06623816898431571,-6.0722344560608,-3.471392937684838,0.01578914251414955,-0.3665096790637352,0.2651097822929467,-0.450955934114987,0.11764852281340699
92,4.891959798994975,0.6133916798334338,-2.4922248785807746,1.1107428221411455,-5.811156759401788,-1.7120752278141933,1.8823669828430525,0.06906997216322543,-1.1555199121726796,2.9957262499054065,-0.0622912488285029,-0.49167166517729965,-0.04423276232573592,-0.017750994434529876
93,4.939698492462312,0.5517150335655971,1.7397254387712617,-0.047236239094003235,0.20509496064878485,-6.070708839422368,-2.187943543726581,-5.132568867597354,1.2639654507043412,0.18056081745001312,0.3632363529763778,0.012072490577383022,-0.42204909259898005,-0.23488694105215846
94,4.9874371859296485,0.5707532357415076,-1.6534591864928694,1.393409317094215,-5.6572188970885655,2.7617172704474395,1.9139195424494617,2.7337238689520884,0.009715112822770624,2.121971788988053,-0.11486148600792134,0.23259973567220216,-0.08293277726180481,-0.03041282106674581
95,5.035175879396985,0.6818925864669605,-1.7317972283671788,4.427334312578656,-2.0007566077924848,-0.5386991318958847,2.9223699617329,3.8151717329248322,-4.214918041255382,-5.385961891895818,-0.034007102035653713,0.06467714931156243,0.12147406444456432,-0.001519361950901077
96,5.082914572864322,0.5711097006368518,1.3067873803639718,0.8170101055117969,-4.238680100733186,1.2169485880573854,0.8654798973002085,0.22248434786817195,-0.8621361436039325,0.7961027898316404,0.2693442894604581,-0.3971898968186631,0.30762522191086605,0.3398526904522209
97,5.130653266331658,0.5439957203833177,1.50250279783353,-1.7461850872906204,0.08384202083741848,-0.10145029741928561,0.013033591798236105,0.27198852623650127,4.312367009125485,-2.1218467710392144,0.16002678478298682,0.1096812382395207,0.09842437162238726,-0.4849689091705247
98,5.1783919597989945,0.7082039996327092,-0.012829428891840338,8.374959474013934,5.906608104683752,6.765397982678888,3.5396393857001307,5.8919769252668495,6.798154290022765,4.397233050320612,0.04958783282432633,0.3839982783750667,0.15351346684347145,-0.4861302896651776
99,5.226130653266331,0.7174336602446382,-2.6204974631408433,5.4080303303303126,1.3154143632366513,2.3027733842555893,1.7765884340482092,0.03611295136317621,0.957304286673584,1.1973679804032096,-0.1494099802062897,0.10400702312554189,-0.1304299483252611,0.47570935023563643
100,5.273869346733668,0.7460336528462359,-1.1059181815785117,0.1032973605147785,2.70340392401819,-0.4204170631757952,4.501854062111431,5.3008617736497605,-0.2533781566123152,-1.453010830430458,0.006000161325102282,-0.10371360467363877,-0.14790101709373993,0.376487613809933
101,5.321608040201005,0.7582751107284496,-3.06458106590957,-0.38054799195157885,1.3799755568148382,-0.6131768240863313,2.7719604472019945,-1.0001453924612287,4.502976163392535,-0.5844599558148081,-0.11055042863190989,0.36463215841452346,-0.35872767607883016,0.46539112078764244
102,5.369346733668341,0.7656953142149119,-3.0764609351094103,-0.17745843884431703,4.022880122031359,0.2851706512565684,-0.3332495445668445,0.630131425395573,0.19214320591325837,-2.1665204289151374,-0.32943898314955544,-0.22474074830472113,-0.24824135854443008,0.23216272551451667
103,5.417085427135678,0.7342563002702046,-0.5212646480045133,1.1289582428486296,2.832400239478037,2.5634043575899392,1.3334816899605972,1.1563004888315689,2.785691009812539,-0.7809473959926108,-0.07780845260248459,-0.32489049721881713,-0.31076208747483913,-0.11857981600347434
104,5.464824120603015,0.6533614701690191,-0.5277785498935508,1.9854351271220714,0.43555831426836955,0.5520851107207472,0.45795169919442946,-0.7342360297094268,-3.8935881842917532,-2.387860473798586,-0.3970916581121271,-0.16808126791405265,-0.14242619360948383,0.2611135463376485
105,5.5125628140703515,0.7343472210579647,-2.410568290062457,-1.1243675525226995,2.775106217955114,1.8760294772730024,-0.8694729378124726,-6.8166700614129905,1.2485265596147999,0.5724779694600524,-0.37897758326764996,0.31181147598931414,-0.03369118434361107,0.4279550455516854
106,5.560301507537688,0.753138546031192,0.09248329430246954,11.042741481908372,5.7493016038453035,-0.11422247676238445,3.4042664442555637,-7.423699921925881,6.847815260652698,4.693807750393432,0.07961564157357104,0.18266787019707686,-0.12958477655897593,-0.26932390969235254
107,5.608040201005025,0.7104791066695713,0.2600868620644583,7.807942433887895,2.8050223839885002,-3.6140398534900813,1.755919888755321,-3.782357628153941,2.3494459170496036,1.1377252353272385,-0.23615408191276988,0.2368318424137441,-0.4797873490606209,-0.38550823858079897
108,5.655778894472362,0.7402281727771926,-2.646059194313464,-1.6658511951929653,-1.158384731017063,-2.927950207142414,1.1795395098759487,-0.15460696642608546,1.5599220530323998,0.7320266029656242,-0.20538137106339127,-0.2907564545985706,-0.0054846964214665395,0.28804427970760604
109,5.703517587939698,0.7002324069644144,0.52853958151974,0.4214422448285411,-0.47183305957504346,1.7509321609823252,1.1385570236980604,-1.7789778961555751,-3.569016858801495,2.3151461463370975,0.05770707550037846,-0.01055234641270919,-0.13279813800323925,0.08053945048042843
110,5.751256281407035,0.79769418959032,0.9890655532688388,-1.8429544783969853,0.1819278353709019,-2.3073517711952283,3.925221587950487,-3.8795111740555157,5.593146018877775,-4.0610136800490295,0.2078900681255813,0.24800523279501163,-0.3185076969105378,-0.12123950957137253
111,5.798994974874372,0.7586361840908166,-2.396015802599168,-0.8038183976755775,-2.671162058022957,1.6486053170382322,-0.4053624180032456,5.646492622556915,-6.201355552742567,-2.0470218207251216,-0.3002278025005146,0.07131498528851277,-0.20997436117564683,0.45586078665718255
112,5.846733668341709,0.6821474179680519,-1.313867556222462,-0.6775012978265469,1.917569469316645,-0.19256767671372224,0.6132972770437917,-0.120684194905728,-0.06683852460524423,-4.086206012245629,-0.21406618276190248,0.0008391314940181527,-0.26470231530775634,0.20717710502960318
113,5.894472361809045,0.8336469986415338,-2.544822395604541,1.4220040654771218,4.540539482718107,4.054832779183663,-1.2967038006757905,-3.317985146356852,2.8813023058185756,6.835062628167369,-0.36935841352814724,0.04891036713907215,0.016737525828931288,-0.4450908560590411
114,5.942211055276382,0.8029836817608483,-2.335031155676394,-0.5713381099895745,0.9549795591205323,-0.19902491698120295,1.098970440881378,3.0144622015735383,2.6296871149176217,-2.748381628198973,-0.15441190248631576,0.00503187629412627,0.40821917552640485,-0.41041492574844873
115,5.989949748743719,0.7230258877095352,-2.5794816926434923,0.34348364685083155,-0.00765241997157886,-0.8445460765184769,-4.872311394650904,-11.192497799970791,-4.656771162643393,-4.140472566352319,-0.05883148849127717,-0.23550312832261178,-0.271325409777582,-0.38498899333311165
116,6.0376884422110555,0.7850852600100561,2.7406796439395356,5.112434486085668,0.3156710814727619,-0.4895254933993387,1.0169578650001934,-2.1550288862096734,1.859363753829148,-1.848224827074668,0.35068822017857215,0.15670627396354675,-0.05698873832573326,0.19474954708707926
117,6.085427135678392,0.6641767878145681,-0.49388525095872693,-4.2899004201389594,-0.26521201077113044,-0.5050678189372397,-0.22114825926314113,-2.5332014455745018,0.615471898153613,-0.9358197906513196,-0.22216494007109855,0.4743551546591923,0.30424786028873774,0.1803573481061913
118,6.133165829145728,0.6711944312024355,0.32650400314701866,-0.5417786841435566,-3.149027283629772,-0.11869020729932724,0.9748285083855674,-1.0657913939921086,1.09329031188122,-2.0132461440884364,0.10537182283179247,0.3857346714486689,0.3079223589251677,0.4354874134348691
119,6.180904522613065,0.5349454561014838,1.168583782137999,1.0823381041963975,0.7099093947797008,2.2336363379478015,-0.28123703120599813,1.3420167489288044,0.8625915512813618,-0.24458659610639472,-0.40031900813899257,0.23571662836463614,-0.28683473997417586,0.39919277320950974
120,6.2286432160804015,0.8088944178632068,1.4010949833885835,-3.2058554624099354,3.0933273529785517,1.0628225880868674,1.0350683215105332,-7.1985846713343555,-4.83559196043001,-1.7352815498654959,0.3079146013159191,0.37039510310024415,0.09168052367484814,-0.17502075753624913
121,6.276381909547738,0.5349369958103172,-3.1905758448601063,0.3925489544330827,-0.7659122901131523,-0.6305243585080786,-0.0036930522800726114,-1.6118733419254845,-0.07442490269899887,0.5757007880573588,-0.4668306839050217,0.2797971935174326,0.3629266407867363,0.29167062442453184
122,6.324120603015075,0.7728835348883897,-1.0669089063318995,0.2918917180723504,-0.32898108011936544,0.6429361002406692,-1.0058452785265635,-2.3913636474032542,-3.475981851078741,-0.030971798045867707,-0.37613447739942585,0.22415256853161203,-0.024667330562190837,-0.0023801235393825504
123,6.371859296482412,0.6001108915701859,0.8855729900186935,1.3944611451536844,0.7429575892457694,-3.5449210893357908,-0.054847189166466304,-0.7232244475979555,2.37473451500129,-1.7965404842444408,-0.08543928309125703,-0.19672810769051774,0.32078855804035944,0.00642882867608463
124,6.419597989949748,0.5526569058123428,0.14785580602041806,0.41894723294804254,1.5143921088632102,-2.869109244342677,0.0749029188360432,-1.0819060317525437,2.5224936185809126,0.2565225640762734,-0.14944961184650496,0.22414424156169366,-0.14702955632395054,0.021958211973183372
125,6.467336683417085,0.8586814735093042,-1.8237643377072925,1.612038384554587,1.6464906977720597,3.5613768401173633,0.6510108650278672,0.2352768213821571,3.7738000481949903,1.471655848278541,-0.20560837763857653,-0.06634827586545877,-0.2666714047603653,-0.22719558971920073
126,6.515075376884422,0.7246761318994535,3.521656288768442,-5.006800305834332,2.195123149599528,-1.181962095903692,3.5376480053713726,0.04633390455225971,-1.0551551631339073,-0.12394693043231046,-0.001118068925427096,-0.413683920692961,0.235262358517623,-0.18436578554670568
127,6.562814070351759,0.6196513430097292,-0.4095286396860395,0.14330329819126683,0.34906275774028817,1.725748442354569,0.6426156013146964,-0.3608018781534208,0.5155362292397025,2.4337527141445907,-0.15793199384925627,0.3984470844480047,0.05273695865617589,0.4369251516880116
128,6.610552763819095,0.8097162733451577,-0.3009800792086843,2.5051851672492402,3.5485317694896272,1.4573248938822534,0.8593324379435852,0.001580404963838815,-0.8117521216053623,-0.8786445495173132,0.42334787684261554,-0.33242225617846155,-0.25906794018751367,-0.2778545921289737
129,6.658291457286432,0.5980285892862582,0.6990736554388399,0.2128620611016258,-0.009351803250594412,-2.580658140586168,-1.7558255002694,-1.483553964875293,-1.436315123496482,-2.381087738653579,-0.21904954122741593,-0.28094309060190414,-0.013500654908505938,-0.061665222996495794
130,6.706030150753769,0.846908652595652,1.6724967562017756,3.9857354344106346,2.054813697733177,0.18927964894002258,10.679465897247777,-5.579536754014931,7.001269483374928,4.004696947217813,0.225635088806307,-0.4682625048137291,-0.33655856901666903,-0.33864488886390176
131,6.7537688442211055,0.765884998609665,-16.747747175646982,18.06393713799542,-2.734956575308751,-1.122227075586379,-4.985695910036425,-4.2819150373780275,-2.1161838486327227,1.1337228165484752,0.4052510344529038,-0.23972581407922344,-0.05192628175087477,-0.29986824738177176
132,6.801507537688442,0.7156695643030215,1.597209067976318,0.5508245941800158,-2.7014261028426207,-3.406082623479457,0.43379520430568347,1.7743960844320448,2.5093469397345216,-0.5362494560066638,-0.08634595306844861,-0.3023006372189735,0.45461066773022607,0.24626104422306683
133,6.849246231155779,0.87242850834669,-3.206787406964605,-2.2009644176208667,-0.2713956971177332,1.1469287347743786,-0.03977534077584318,-1.0722979195565627,-1.239229096430257,-0.9479855795714003,-0.26049670822179627,-0.27967415217741265,0.24644130552776422,-0.2240201148058616
134,6.896984924623116,0.7318282980921567,2.0820372735954367,0.9343091081150819,0.5566476901564195,0.4480259065563874,-0.9593832838936198,2.150219903304995,1.526056649136933,-0.8158083095467275,0.2872579615539844,-0.20447053580543717,0.11221106089213884,0.4732918267175885
135,6.944723618090452,0.685707044919374,-0.23402706283875607,0.23570641097123934,-0.10201650189958475,1.8699358407260733,-2.6748239276545047,1.676470111091855,-1.7883216686529366,0.2770076737853759,0.44096518895016434,-0.3263618147799435,-0.2689246134016955,-0.11136249246366436
136,6.992462311557789,0.8645507258215883,2.1742667771701383,0.9604489315119173,-4.282718912495735,-1.0826546926230542,4.143877206148524,0.567377893900116,-0.4266622470683201,-1.7588726347317802,0.2696013562344016,-0.017185722693244365,-0.47532663561007793,-0.11384889589920122
137,7.040201005025126,0.7977309301158111,-0.017649735943848145,6.8869092256592594,-4.098906040267579,-0.8062225338682342,-1.462456019085825,1.9350227183983673,-7.551668272414451,-2.717107532705974,-0.13540553878374972,-0.16196188751328877,-0.4798042558465879,-0.36566179801797627
138,7.0879396984924625,0.6871504253919569,-1.300158006045249,-1.5627237205910118,0.6656953270004977,-1.9028742284127524,0.28627795091627584,2.4463927160794703,-1.6744219854069833,0.967029840757343,0.34185247808787067,0.10361375061939604,0.1722062929379664,-0.2912472856350008
139,7.135678391959798,0.8175568386157736,-1.1371442349117196,-0.5297297633348266,0.6652318127395018,1.8881629936463344,-0.19129688757544677,-0.1284184734339262,0.701621112738567,-0.041008657818830604,-0.4197482438792701,-0.392305807804571,0.12924143472934413,0.40567584068538176
140,7.183417085427135,0.754369699303798,-3.3951458295859744,-1.3682583089773488,-1.694508883859481,-0.5854176801843268,-1.3294449465801668,2.724174599529375,6.458808007325867,-6.087084191642708,-0.16616830715096476,0.23313399777075927,-0.31757200508596717,-0.43747794413979024
141,7.231155778894472,0.7615838888895529,-0.4611462637411833,0.21588892263290893,-1.7906233960400382,-0.028153040831224295,-0.5268173752042901,-0.23377801813955984,3.768616476114331,1.2039203292648182,-0.29642318924943023,-0.4656502453231275,0.056602467745019314,-0.3516772575979873
142,7.2788944723618085,39601.0,0.4249463166711174,-0.9843341703038853,-0.4611675268076767,-0.9517224343352808,0.4970401729668299,-0.30344211709691504,-0.6227383395965127,0.6509896209393882,-0.012957032121380552,-0.1419956636429376,0.3030033859697261,-0.25265653270974575
143,7.326633165829145,0.6363538874196049,0.0921318725677788,1.1309224550872294,-1.1891634085116949,-2.245251992278567,-0.005693140065530079,-0.7358080173470912,4.142158818018783,0.6605040426632344,0.14634017832615243,0.4419517001650989,0.41753050167715267,0.19769427043373078
144,7.374371859296482,0.8048310293475237,3.05910993060574,-3.6470115206239733,-0.8510542540501257,-1.132920320892487,2.2211467350161174,0.6007730708398242,-0.17437340695045375,-0.1096166610461534,0.1733985272276054,-0.3211911173821086,0.06307366818251425,0.05990807971849155
145,7.422110552763819,0.6382448044489377,-0.2315097896056984,-0.13283142594643307,0.339828673421784,2.1384856379427126,-0.6774246452932102,-0.43777363687869375,-0.8746270727707538,-0.6007749698412795,0.44074895089449195,0.18251843241895382,-0.40387387267137376,0.3810995766330696
146,7.469849246231155,39601.0,0.7481441970285037,-0.0512258999584112,-0.08853441303943188,-0.35856752082049614,0.7592989052989205,0.3441240799093668,-0.9485460656903921,-0.6312841762137229,0.10422634627043548,-0.47698782403403295,-0.48108159499369263,0.25311474193127015
147,7.517587939698492,0.8434646330461663,-1.9818886838984198,1.2435038975544574,0.09909986422002766,0.8401586589018544,-0.9665345355023427,0.4521344808294985,-2.6339533773345583,0.29194330983580563,-0.2223265888231799,-0.4904130868282831,-0.15267926773715224,0.2572376856025652
148,7.565326633165829,39601.0,-0.598862599935378,0.8598867071403111,0.8621560047086505,-0.9049521306610055,0.1186145547384585,0.7768225656117291,-0.09425919424951301,0.6961823074130855,-0.27351428475474804,-0.03533091025148005,-0.3063342265061657,0.31136589616409693
149,7.613065326633166,0.5331065256638052,0.29464317442442134,0.05896410812128587,1.3669164530279336,-0.40091974832326305,0.4881102279117929,0.0219398303063831,-0.2771549010611284,0.21953716548164331,-0.11795972414628775,-0.25004051919670356,-0.11530657694933011,0.2871010333153633
150,7.660804020100502,0.8631046860876931,2.085918046721827,-0.20169712900020612,-1.2749843164515218,0.38227849215670723,1.0960929084218152,1.5771381248195944,0.32208316860995323,0.6654527296705299,0.31882501673587527,-0.17232480769138403,-0.44018556343595316,0.06434235436038571
151,7.708542713567839,0.9626068451940694,-0.35604486381455946,1.558377507048034,-2.5036850046558365,0.41086448755384847,2.6517468297762656,0.597124301931122,1.3686659247172541,-0.37720464466326953,0.09218690890198622,0.4936464757183292,-0.44204149886866306,-0.08968932383037798
152,7.756281407035176,0.7915175217777703,0.43021418990439136,-1.4981599835971657,0.9469894134719099,-2.041605763414357,1.5896075748871965,0.09833668965265327,0.16908052853350383,1.376539870952757,-0.1301100774605407,-0.41396829776085897,0.2823749441812936,0.051184171514334964
153,7.8040201005025125,39601.0,0.5979706492472205,0.9274596607896339,0.8717445249313105,0.5226690109181098,0.8587178778886408,0.6237812238108409,-0.7216267361137854,-0.060946846342582184,0.08779631742684868,0.10804797450920778,0.2189950309578299,-0.46611485386446405
154,7.851758793969849,0.6223753302005499,0.36772292927771,-0.9712546262593996,0.27254350727790266,-0.8531313487343317,-0.005723910220467787,-0.16883721242846675,0.1162803160185682,-1.3530124634704068,-0.1605746389719903,0.03908479589950209,-0.32771460722757895,0.23118913600651803
155,7.899497487437186,0.5759448618916843,-0.0237549279969777,0.5180487204542573,1.163768782458062,-1.3361512682922947,-0.3010470377878742,-0.4388062362263402,0.3321412510718434,-1.6877715297061744,-0.4235561012437531,0.26819112814307966,0.4516732710728055,0.33389684393714425
156,7.947236180904523,0.5236568166620675,-2.751759743433583,-1.6183386016100902,-0.3190972281721106,-0.5734281930870901,1.8975903912519279,-0.2463472971722142,0.2950197711863052,-0.1679657612938713,-0.09507710520434953,-0.28398319830081264,-0.22794875183877084,-0.47518831476767365
157,7.994974874371859,0.8604453289678485,1.0859824387157306,-2.127231291884521,0.16690102077276373,0.061452594956672026,2.050316150087035,-0.2436738856586117,-0.6129688700982536,1.4055186215398758,0.019871299475998416,-0.3847638494531883,-0.05604145488628787,0.32681221265479155
158,8.042713567839197,0.8029917393670555,0.3983690165172147,-1.0269049835624022,1.3120259083173513,0.6350521414858183,-0.6717210842353541,-0.32591368569370494,-0.004638286376151083,2.173778881233182,-0.19171482540559703,-0.12451218726240165,-0.030818627247298003,-0.19448620619149204
159,8.090452261306533,39601.0,-0.46913472530474754,0.9084741586314431,-0.8497048897540418,-0.9139318898888098,0.0323047900417639,0.05715034540699948,-0.7408252325614901,-0.24438606416879494,-0.22016426878915307,0.33519512746308466,0.4944996758447997,-0.12509096020146582
160,8.138190954773869,0.8426837261968425,0.3676614380089053,-1.2943941044885976,-0.45312689747527957,1.5777440085471297,-0.3235708833917808,-0.2176309403923625,-0.06064348485855596,-0.028269327769146674,0.4614637125602583,0.4603543851087758,-0.1933033503322632,0.0800065457412037
161,8.185929648241206,0.8854027235658936,0.3775334110924162,0.3757417128620175,1.16775194492716,1.2333761054967889,1.3131200438453083,-0.7329729113184205,-0.9121459166919998,1.144157735234077,0.20178770268129131,0.4930393947834343,0.49736588908798807,-0.47875541193305693
162,8.233668341708542,0.727655179592367,2.2603985240735653,-0.00785370627250688,4.039769700837905,-3.131176588504516,1.3198126055176629,-7.241719765709769,-3.744789135555788,-1.1140347140470155,-0.4040927999309668,0.42995539596080956,0.15058168483604606,-0.41849556090858464
163,8.281407035175878,0.8207169305719787,-0.15643125294186716,0.4864775748019152,-0.8143805078515343,-0.17951806702008,-0.3506133538945213,-0.016945107833708745,-0.26996030441831664,0.6081087995428722,-0.45979636971940085,-0.3941889879522872,-0.10947302447827334,0.3504998975078901
164,8.329145728643216,0.762899126550317,0.8651479882884079,0.9529345333108297,-0.0792597511346253,-2.2047316191322905,-0.09233285420099026,0.5218373356888716,-0.41404984164206976,-0.34096253969769535,-0.4005070672642792,0.1464698010644362,0.4012985786539023,-0.04349523224012186
165,8.376884422110553,39601.0,0.6389658901217079,-0.9893666115280226,0.9941439881867189,-0.9224601263481114,0.9307021656877696,0.030062535411138125,0.23220021000003532,-0.6497627705372968,0.3932092308951666,0.11477056798441987,-0.025547279146180935,-0.15481619893743304
166,8.424623115577889,0.6853502955306022,-0.5951965449482821,0.12607838872809332,0.6712534558047227,-0.46213341930159485,0.07597108237670852,0.1987504819199395,-0.12994299811144236,1.5203379352041388,0.28719837691426364,0.36116996567120263,-0.14834230862237285,0.03869961997581983
167,8.472361809045225,0.8035606480447959,-0.645260585818278,-0.23716999095394353,0.1558433729825342,0.015690727059265476,-0.20194198698298804,-0.5827635467345478,1.6788711922009942,0.054156219504634145,-0.3378524203907882,0.2041952304815562,0.14810889384658787,0.16493802124693402
168,8.520100502512562,39601.0,-0.29308410770429405,0.7078180117735666,-0.7040084828356608,-0.02810055098103237,0.3854597821346415,-0.6284683093834822,-0.8213948162258753,0.9852668864668157,0.03140688917295775,-0.45332996815678295,-0.45393703289143117,-0.3717320090244399
169,8.5678391959799,0.7809360745198264,-1.3647039099652023,0.3294154493172332,-0.41549025846415244,0.3184734363855698,-0.38974284178042085,-0.6579065201279923,0.7063954913354933,-1.6823664705889878,-0.21805171099141119,0.42041499270995597,-0.4503517384671186,-0.11869202509606569
170,8.615577889447236,0.8941897967387991,-1.8918688748410428,-0.9184647144964122,-3.703043964732063,0.6316262695624846,-1.0695093227721437,1.1315039104644429,1.8903386755601694,2.2715303082013776,-0.33377389385096456,0.0704579605417075,-0.10633396834667741,-0.47479998768029574
171,8.663316582914572,0.8046428676442369,0.45843521748438243,0.4991822554991501,0.8725440669160943,2.3224482733362253,0.1258028567243571,0.03363131086428815,0.0061649848655468695,0.313857708274515,-0.49908694458216973,0.2590105787847379,-0.006324069342297123,-0.11231756204821142
172,8.71105527638191,0.8758940657727978,0.3885921400375538,-0.030215309157312478,-0.4027174561950053,-0.8460177834608205,0.6464891197165676,-2.423459479755053,1.0889628087962748,-0.8857186320104957,0.2640078399392787,0.2834984102998602,-0.19330868755710784,0.15927639443140662
173,8.758793969849245,0.7765276082617169,-0.2060067298226561,0.058305397792709435,0.7379486834540057,0.18806444699761152,0.4295539310953277,0.40579891523310413,0.2956404547038871,0.4917877550507459,-0.3811427207708846,-0.30902755707824636,0.1851054247639795,0.18535803968368525
174,8.806532663316583,0.8107583561712645,-0.5526761712053757,-0.0014672783583598765,-0.6706304020178432,-0.9329636095854058,-0.05756839662706641,-0.32874240778991703,-0.24149926675352573,1.374832233770153,-0.25953184525455497,0.3158655840473753,-0.10831852450073032,-0.10907097676319577
175,8.854271356783919,39601.0,-0.5707446458859651,-0.8673262488921878,0.6118268324248608,0.21078147303645123,0.4576084109169496,0.659131112284234,-0.45294838202317766,-0.6844797119199826,-0.12812574578557645,0.4235841609375608,0.4304109369706154,-0.45377788940877684
176,8.902010050251256,39601.0,0.4279069576293173,0.402902894860909,0.3605401328337263,0.4941262617324238,0.9147367657232346,-0.8950386871688696,-0.48876644995965957,-0.6422933928561829,-0.07835132727382965,-0.46019733530860796,-0.42655551735345953,0.2627254618133057
177,8.949748743718592,39601.0,-0.21536770405085237,-0.5194741230705235,-0.3190180859903633,0.6455627188794479,0.7499594502385807,0.31165751826436416,0.7593292757762047,-0.020215144854957234,-0.3577564723103849,0.45262009603904685,-0.29928916531416005,0.01119195792436456
178,8.99748743718593,0.696251476405534,-0.7197188568056179,1.370629292140321,-2.4241415629049836,-1.4243941392905626,0.9873512450957014,2.1304008110226196,-2.575941469077872,-1.023509260191052,0.21908787389198514,0.410233817900332,-0.475881949852932,-0.3141660015744202
179,9.045226130653266,0.8730340898822205,0.4803851802826608,-0.034187589152735995,-1.4273890160522578,-0.9136956339922508,0.03257000032985739,1.2609912688164733,-1.6367208178957027,-0.06314983381871517,0.40707647469906716,0.36047122809592025,-0.065979087296553,0.0942917619368262
180,9.092964824120603,0.8358042494734159,-1.4086568879765498,8.191785685898243,-3.4683675479907,-8.175997991769563,-0.7946631889872358,0.4868132459629886,7.951282080085829,-6.886453592785896,-0.23309126613407682,0.04368412232995611,-0.3301284298899053,-0.4654322952281795
181,9.140703517587939,0.3714571097376515,0.41827217863400645,-1.2587210241973692,-5.3695371431497,2.694492595694962,-3.0232021996789102,2.5620626097374224,-0.11055031026447798,-4.135427194455005,0.3210871969508946,-0.4298686091521914,-0.04035771011544387,-0.20801669150022417
182,9.188442211055277,39601.0,-0.5403148834908857,0.20239026615254807,0.5840549956788228,-0.8885872599438718,-0.2685608788720759,-0.3016073223044715,0.1062322246997498,0.9125809655572037,0.48582675350269977,0.15998687005277823,0.07464081254611166,0.13540088087293634
183,9.236180904522612,39601.0,0.08635319976236544,0.45967987291687806,0.825606583675178,-0.35791185732025754,0.03920221618602393,0.6926812068093673,-0.900991612995014,0.7515517760613524,0.03383750348546666,0.19979057990668248,0.14069611530179293,0.12007066377178022
184,9.28391959798995,0.8272903949654632,-0.9468668291677698,0.23606931258039413,-0.6699504001594425,-0.0673995044678769,-0.7260674812755639,0.5569115917692452,0.6424759221727656,0.10435491706114844,-0.2641679332517459,0.4652990198325574,-0.4462150516187391,-0.18201780985832194
185,9.331658291457286,39601.0,-0.8151465880874977,-0.21203717916448528,0.2228182973736812,-0.8634284958787561,-0.6977975571772912,-0.557707666287415,-0.12474754461985449,0.0472273929853686,0.3696313431436269,0.32817768449242746,-0.1253972746093861,-0.49786526227521566
186,9.379396984924623,0.6127312901847333,-0.20027952673632327,0.4272002090587558,-0.08233711097703092,0.5864711437595591,-0.13162116250486494,-0.11424353763271801,-0.09008818766494142,-0.9266754928951623,0.42315728843190326,0.3761903029753385,-0.29167969627312385,0.4453942413778843
187,9.42713567839196,0.5701614722754542,1.1939660155230125,-0.557454084310973,2.7592580224681607,-0.20719359751085714,-0.4697700098199063,2.509648512764823,0.6650675109923748,-0.5083617650478556,0.2733505079733678,0.10875767033890016,-0.38046188689943605,0.46657457398107005
188,9.474874371859297,39601.0,-0.03910213902216353,0.8556399401966752,0.7089258028401366,0.6496372571404148,-0.3869856948331394,-0.12991655554358017,-0.34067923070563344,-0.02414718130362159,-0.3144633983443461,0.2928072867216366,-0.022959812203858787,-0.3334654681915069
189,9.522613065326633,0.10745633246934388,-1.1135337755077848,-1.3747755216674746,-0.8788303270217959,0.046209364245431844,0.1157989215489991,0.5825429575010623,0.7821426447281937,0.036750690786143875,-0.2667151722017489,-0.3724647965681118,0.4373707245179753,0.10506773138048753
190,9.57035175879397,0.8536074183119148,1.4237336267933882,-1.0793851720849141,1.0999324840695346,0.4147666880378942,0.4071450402669781,0.5095587375153054,-0.447557880016493,0.06561086043783518,0.2406970533410312,-0.3271800264918888,0.18863595188736937,0.2131431567806421
191,9.618090452261306,39601.0,-0.5757653031300958,0.47607303331470874,0.8194785353566425,-0.34165649842185775,0.08633231277170683,0.7805649815614311,0.847383799469489,-0.6521928231505423,0.16011318088563564,0.37768315127260677,-0.48901369517451254,0.22172771080861398
192,9.665829145728644,39601.0,0.3595788260031547,0.9528293389489757,-0.6071948248216117,0.9671049583606899,-0.04117845985369217,-0.05638474462543264,0.2942791585115567,0.03976963829061808,0.2257936253380024,-0.401915184464002,-0.31460597532323253,0.448366665390755
193,9.71356783919598,39601.0,0.8292714274125428,0.4457958523979917,-0.15720497894820085,-0.20506803527666495,0.0657808131023292,-0.21368425839437966,-0.9148663942403634,0.8190335509334996,0.10843764298309,0.40708229712292543,0.16499471926174136,0.3704041041265024
194,9.761306532663315,39601.0,0.16564503065857505,-0.8368717464400854,0.5809793530005543,0.8322512741499883,0.227649090590909,0.8083875349041862,0.9386412783848439,-0.4662225324553655,0.15004766568311179,-0.36917624967848806,0.29447793436832737,0.2626579276188791
195,9.809045226130653,39601.0,0.732552557351954,-0.9664097413067823,-0.9231419921850406,0.27501901056062583,0.7730456021123719,0.028002008823923674,-0.7280515117314523,-0.48576221697163646,0.21674802193325016,0.21235621028132368,-0.005342972730045692,0.029144995176313193
196,9.856783919597989,39601.0,-0.22541792001830974,0.7115736054529551,-0.4762189602673059,0.438446625060656,0.4745918855214539,-0.47786778332211743,0.37783961469163896,0.8400198972854456,-0.23027382563227494,-0.4595082761766571,-0.01596410202925047,-0.14479912859702948
197,9.904522613065327,39601.0,-0.9241757311004539,-0.29709643447794454,-0.5377459912115876,-0.5117741040779711,0.8526259569166559,0.7885567247374308,0.9206101462483178,-0.0900507065388998,-0.17457153498025324,-0.16444458723057565,0.31372458334593245,-0.44482750898363765
198,9.952261306532662,39601.0,-0.651330878023016,-0.35175137641661025,0.9613850557397203,0.9590108804935231,-0.7080417817058129,-0.7262237958364033,0.9295075733429536,0.7370245361655956,0.0828640676029837,0.05649801735261706,0.47608994011725514,0.32314799817516315
199,10.0,0.8221425364292295,-1.7465176740866968,0.2736714678239114,0.0589378019861764,-1.0806933736543802,0.5032878293784231,-1.6436051832822087,0.179150649910587,-0.047784577499675865,-0.0658680100423289,-0.41240775600834567,-0.10042240607929709,0.05129560663733823
